품목기준코드,제품명,업체명,업체영문명,허가일,허가번호,취소/취하,첨가제,전문의약품,허가/신고,제조/수입,수입제조국
201707985,OZ 생리대 대형,꿈과소나무,,43060,7,정상,"폴리에틸렌필름(표지용),흡수지,면상펄프,아쿠아키프,핫멜트접착제(TECHNOMELT DM 2883U),핫멜트접착제(TECHNOMELT DF 6602U),부직포",,신고,수입,중국
201707986,OZ 생리대 오버나이트,꿈과소나무,,43060,8,정상,"폴리에틸렌필름(표지용),흡수지,면상펄프,아쿠아키프,스틸렌부타디엔공중합체,부직포",,신고,수입,중국
201707984,OZ 생리대 중형,꿈과소나무,,43060,6,정상,"폴리에틸렌필름(표지용),흡수지,면상펄프,아쿠아키프,핫멜트접착제(TECHNOMELT DM 2883U),핫멜트접착제(TECHNOMELT DF 6602U),부직포",,신고,수입,중국
201701597,그나랜꽃샘바람순면생리대날개형,(주)지앤이헬스케어,,42828,48,정상,"면직물/폴리우레탄필름,면직물(무늬),면직물",의약외품,허가,제조,
201310459,"그나랜꽃샘바람순면생리대(소형, 중형, 대형, 오버나이트형, 특대오버나이트형)",(주)지앤이헬스케어,,41611,38,정상,"면직물/폴리우레탄필름,면직물(무늬),면직물",의약외품,허가,제조,
201310460,"그나랜산들바람순면생리대(소형, 중형, 대형, 오버나이트형, 특대오버나이트형)",(주)지앤이헬스케어,,41611,33,정상,"면직물/폴리우레탄필름,면직물(무늬),면직물",의약외품,허가,제조,
201310445,"그나랜산들바람큐티순면생리대키티(소형,중형,대형,오버나이트형,특대오버나이트형)",(주)지앤이헬스케어,,41610,46,정상,"면직물/폴리우레탄필름,면직물(무늬),면직물",의약외품,허가,제조,
201310444,"그나랜산들바람큐티순면생리대바니(소형,중형,대형,오버나이트형,특대오버나이트형)",(주)지앤이헬스케어,,41610,52,정상,"면직물/폴리우레탄필름,면직물(무늬),면직물",의약외품,허가,제조,
201701598,"그나랜순면생리대천사날개형(소형,중형,대형,오버나이트형,특대오버나이트형)",(주)지앤이헬스케어,,42828,32,정상,"면직물/폴리우레탄필름,면직물(무늬),면직물",의약외품,허가,제조,
201201064,"그나랜시크릿면생리대(소형, 중형, 대형, 특대오버나이트형)",(주)지앤이헬스케어,,40961,30,정상,"면기모,면직물,폴리우레탄필름/면60수",의약외품,허가,제조,
201701593,"그나랜프리미엄순면생리대일반형(소형,중형,대형,오버나이트형,슈퍼특대오버나이트형)",(주)지앤이헬스케어,,42828,35,정상,"면직물/폴리우레탄필름,면직물(무늬),면직물,면직물(고정띠)",의약외품,허가,제조,
201701600,"그나랜프림미엄순면생리대날개형(소형, 중형, 대형, 오버나이트형, 슈퍼특대오버나이트형)",(주)지앤이헬스케어,,42828,36,정상,"면직물/폴리우레탄필름,면직물(무늬),면직물,면직물(고정띠)",의약외품,허가,제조,
201310447,"그나랜하늬바람순면생리대날개형(소형,중형,대형,오버나이트형,특대오버나이트형)",(주)지앤이헬스케어,,41610,42,정상,"면직물/폴리우레탄필름,면직물(무늬),면직물",의약외품,허가,제조,
201800010,그날레시피생리대중형,(주)에스에스케이,"SSK Co., Ltd.",43102,55,정상,"폴리에틸렌필름,고분자흡수시트,접착제(DF 7063),부직포",의약외품,신고,제조,
202007083,꼬말핫면생리대,(주)지앤이헬스케어,,44120,9,정상,"면직물/폴리우레탄필름,흡수제용면직물,면직물(무늬),면직물(고정용),플라스틱단추",,허가,수입,베트남
202100983,나이스데이입는생리대,꿈과소나무,,44228,11,정상,"핫멜트접착제(TECHNOMELT DM 2855U),폴리우레탄사(분홍색68),폴리에틸렌필름(분홍색무늬),폴리우레탄사(흰색68),폴리우레탄사(흰색104),핫멜트접착제(HY878U),아크릴산/아크릴산나트륨공중합체,부직포,폴리우레탄사(흰색86)",,허가,수입,중국
201707981,나일수 생리대 오버나이트,꿈과소나무,,43060,3,정상,"폴리에틸렌필름(표지용),흡수지,면상펄프,아쿠아키프,스틸렌부타디엔공중합체,부직포",,신고,수입,중국
202105321,"나풀생리대(데이패드,나이트패드,오버나이트,팬티패드,입체형데이패드,입체형나이트패드,입체형오버나이트)",(주)티케,"TYCHE Co., Ltd.",44390,28,정상,"아크릴산메틸메타아크릴산공중합체,폴리에틸렌필름,폴리아크릴산나트륨,박리지,활성탄,레이온스테이플면",,신고,수입,중국
202203802,내추럴프랜드생리대중형,(주)에스에스케이,"SSK Co., Ltd.",44841,210,정상,"열용융접착제CB,폴리에틸렌필름,열용융접착제PA,흡수지,면상펄프,순면부직포,카르복시메틸셀룰로오스나트륨·전분가루,부직포",,허가,제조,
201908235,"네이처수착탈형생리대(중형 ,대형, 오버나이트, 특대형)(보라무늬, 초록무늬, 청록무늬, 파랑무늬, 연분홍무늬, 진분홍무늬)",현주컴퍼니,,43803,2,정상,"폴리우레탄이도포된레이온직물(파랑무늬),레이온직물(흡수용),폴리우레탄이도포된레이온직물(청록무늬),레이온직물(옆면용),폴리우레탄이도포된레이온직물(초록무늬),폴리우레탄이도포된레이온직물(연분홍무늬),플라스틱단추(ABS),폴리우레탄이도포된레이온직물(진분홍무늬),폴리우레탄이도포된레이온직물(보라무늬)",,허가,제조,
202302327,노노워리생리대대형,(주)에스에스케이,"SSK Co., Ltd.",45140,225,정상,"열용융접착제CB,열용융접착제PA,흡수지,폴리에틸렌필름A,면상펄프,순면부직포,카르복시메틸셀룰로오스나트륨·전분가루,부직포",,허가,제조,
202302328,노노워리생리대중형,(주)에스에스케이,"SSK Co., Ltd.",45140,226,정상,"열용융접착제CB,열용융접착제PA,흡수지,폴리에틸렌필름A,면상펄프,순면부직포,카르복시메틸셀룰로오스나트륨·전분가루,부직포",,허가,제조,
201902477,노브랜드면생리대오버나이트,(주)웰크론헬스케어,,43577,228,정상,"면직물/폴리우레탄필름,합성섬유직물,플라스틱단추,면직물(40수)",,허가,제조,
201902476,노브랜드면생리대중형,(주)웰크론헬스케어,,43577,227,정상,"면직물/폴리우레탄필름,합성섬유직물,플라스틱단추,면직물(40수)",,허가,제조,
201600953,노브랜드실크감촉생리대대형,(주)웰크론헬스케어,,42418,118,정상,"폴리에틸렌필름(표지용),고분자흡수지(하층),폴리에틸렌필름,고분자흡수지(상층),핫멜트(TECHNOMELT DF 7063),핫멜트(TECHNOMELT DM 2879),부직포",의약외품,신고,제조,
201600954,노브랜드실크감촉생리대중형,(주)웰크론헬스케어,,42418,119,정상,"폴리에틸렌필름(표지용),고분자흡수지(하층),폴리에틸렌필름,고분자흡수지(상층),핫멜트(TECHNOMELT DF 7063),핫멜트(TECHNOMELT DM 2879),부직포",의약외품,신고,제조,
201606753,노브랜드자연순면생리대중형,(주)웰크론헬스케어,,42698,147,정상,"고분자흡수지(하층),폴리에틸렌필름,고분자흡수지(상층),핫멜트(TECHNOMELT DF 7063),순면부직포,핫멜트(TECHNOMELT DM 2879),부직포",의약외품,신고,제조,
201606751,노브랜드자연순면생리대대형,(주)웰크론헬스케어,,42698,145,정상,"고분자흡수지(하층),폴리에틸렌필름,고분자흡수지(상층),핫멜트(TECHNOMELT DF 7063),순면부직포,핫멜트(TECHNOMELT DM 2879),부직포",의약외품,신고,제조,
201606752,노브랜드자연순면생리대소형,(주)웰크론헬스케어,,42698,146,정상,"고분자흡수지(하층),폴리에틸렌필름,고분자흡수지(상층),핫멜트(TECHNOMELT DF 7063),순면부직포,핫멜트(TECHNOMELT DM 2879),부직포",의약외품,신고,제조,
201706652,노브랜드자연순면생리대대형엔비,(주)웰크론헬스케어,,42965,154,정상,"고분자흡수지(하층),폴리에틸렌필름,고분자흡수지(상층),핫멜트(TECHNOMELT DF 7063),순면부직포,핫멜트(TECHNOMELT DM 2879),부직포",의약외품,신고,제조,
201706653,노브랜드자연순면생리대중형엔비,(주)웰크론헬스케어,,42965,155,정상,"고분자흡수지(하층),폴리에틸렌필름,고분자흡수지(상층),핫멜트(TECHNOMELT DF 7063),순면부직포,핫멜트(TECHNOMELT DM 2879),부직포",의약외품,신고,제조,
201706654,노브랜드자연순면생리대소형엔비,(주)웰크론헬스케어,,42965,156,정상,"고분자흡수지(하층),폴리에틸렌필름,고분자흡수지(상층),핫멜트(TECHNOMELT DF 7063),순면부직포,핫멜트(TECHNOMELT DM 2879),부직포",의약외품,신고,제조,
201802645,노브랜드프리순면감촉생리대중형,깨끗한나라(주),"KLEANNARA CO., LTD.",43277,268,정상,"흡수지,면상펄프,폴리에칠렌필름(투습성방수층),스틸렌부타디엔공중합체,면마혼방부직포,부직포",의약외품,신고,제조,
201802646,노브랜드프리순면감촉생리대대형,깨끗한나라(주),"KLEANNARA CO., LTD.",43277,269,정상,"흡수지,면상펄프,폴리에칠렌필름(투습성방수층),스틸렌부타디엔공중합체,면마혼방부직포,부직포",의약외품,신고,제조,
201802647,노브랜드프리순면감촉생리대오버나이트,깨끗한나라(주),"KLEANNARA CO., LTD.",43277,270,정상,"흡수지,면상펄프,폴리에칠렌필름(투습성방수층),스틸렌부타디엔공중합체,면마혼방부직포,부직포",의약외품,신고,제조,
201701596,"뉴그나랜순면생리대일반형(소형,중형,대형,오버나이트형,특대오버나이트형)",(주)지앤이헬스케어,,42828,44,정상,"면직물/폴리우레탄필름,면직물(무늬),면직물,면직물(고정띠)",의약외품,허가,제조,
201701594,"뉴그나랜순면생리대작은날개형(소형,중형,대형,오버나이트형,특대오버나이트형)",(주)지앤이헬스케어,,42828,43,정상,"면직물/폴리우레탄필름,면직물(무늬),면직물,면직물(고정띠)",의약외품,허가,제조,
201701595,"뉴그나랜순면생리대큰날개형(소형,중형,대형,오버나이트형,특대오버나이트형)",(주)지앤이헬스케어,,42828,50,정상,"면직물/폴리우레탄필름,면직물(무늬),면직물,면직물(고정띠)",의약외품,허가,제조,
202006384,뉴본생리대대형,(주)제이투엘에프에이,J2LFA,44089,29,정상,"아크릴산아크릴산나트륨공중합체,통기성방수용폴리에틸렌필름,핫멜트접착제(테크노멜트2883U),흡수지,면상펄프,순면부직포,부직포,핫멜트접착제(테크노멜트6603U)",,신고,수입,중국
202006385,뉴본생리대오버나이트,(주)제이투엘에프에이,J2LFA,44089,30,정상,"아크릴산아크릴산나트륨공중합체,통기성방수용폴리에틸렌필름,핫멜트접착제(테크노멜트2883U),흡수지,면상펄프,순면부직포,부직포,핫멜트접착제(테크노멜트6603U)",,신고,수입,중국
202006383,뉴본생리대중형,(주)제이투엘에프에이,J2LFA,44089,28,정상,"아크릴산아크릴산나트륨공중합체,통기성방수용폴리에틸렌필름,핫멜트접착제(테크노멜트2883U),흡수지,면상펄프,순면부직포,부직포,핫멜트접착제(테크노멜트6603U)",,신고,수입,중국
200805304,"다향생리대(대형,중형,소형)",(주)보성녹차비앤비,,39577,1,정상,"녹차추출물,아크릴산아크릴산나트륨공중합체,박하,폴리에칠렌필름,흡수지,부직포,스티렌부타디엔블록코폴리머/하이드로게네이티드 폴리테르펜 점착제(DJ-100)",의약외품,허가,수입,중국
202101979,닥터에인순면생리대대형,(주)보람씨앤에치,"Boram C&H., Ltd.",44258,5351,정상,"고분자흡수시트합지부직포,열 용융형 접착제(고정용),순면부직포,열 용융형 접착제(구조용),부직포,통기성방수용합성수지필름",,신고,제조,
202101978,닥터에인순면생리대중형,(주)보람씨앤에치,"Boram C&H., Ltd.",44258,5350,정상,"고분자흡수시트합지부직포,열 용융형 접착제(고정용),순면부직포,열 용융형 접착제(구조용),부직포,통기성방수용합성수지필름",,신고,제조,
201901546,달맞이생리대대형,(주)에스에스케이,"SSK Co., Ltd.",43537,92,정상,"접착제(TECHNOMELT DM 2879),폴리에틸렌필름,흡수지,면상펄프,순면부직포,접착제(DF 7063)",,신고,제조,
202009106,달맞이생리대슈퍼롱오버나이트,(주)에스에스케이,"SSK Co., Ltd.",44187,162,정상,"폴리에틸렌필름,흡수지,면상펄프,순면부직포,펄프시트,접착제(CHM1836AZP),접착제(CHM-1895AZP)",,신고,제조,
201901545,달맞이생리대중형,(주)에스에스케이,"SSK Co., Ltd.",43537,91,정상,"접착제(TECHNOMELT DM 2879),폴리에틸렌필름,흡수지,면상펄프,순면부직포,접착제(DF 7063)",,신고,제조,
201803470,더뷰티드비오셀생리대중대형,(주)웰크론헬스케어,,43339,190,정상,"고분자흡수지(하층),폴리에틸렌필름,레이욘스테이플면,고분자흡수지(상층),핫멜트(TECHNOMELT DF 7063),부직포,핫멜트(TECHNOMELT DM COOL 2802)",의약외품,신고,제조,
201803471,더뷰티드비오셀생리대소중형,(주)웰크론헬스케어,,43339,191,정상,"고분자흡수지(하층),폴리에틸렌필름,레이욘스테이플면,고분자흡수지(상층),핫멜트(TECHNOMELT DF 7063),부직포,핫멜트(TECHNOMELT DM COOL 2802)",의약외품,신고,제조,
201804717,더뷰티드생리대소중형,(주)웰크론헬스케어,,43432,217,정상,"고분자흡수지(하층),폴리에틸렌필름,레이욘스테이플면,고분자흡수지(상층),핫멜트(TECHNOMELT DF 7063),핫멜트(TECHNOMELT DM 2879),부직포",의약외품,신고,제조,
201804716,더뷰티드생리대중대형,(주)웰크론헬스케어,,43432,216,정상,"고분자흡수지(하층),폴리에틸렌필름,레이욘스테이플면,고분자흡수지(상층),핫멜트(TECHNOMELT DF 7063),핫멜트(TECHNOMELT DM 2879),부직포",의약외품,신고,제조,
202102881,더슘생리대대형,(주)보람씨앤에치,"Boram C&H., Ltd.",44288,5362,정상,"고분자흡수시트합지부직포,흡수지,열 용융형 접착제(고정용),열 용융형 접착제(구조용),부직포,통기성방수용합성수지필름",,신고,제조,
202102882,더슘생리대중형,(주)보람씨앤에치,"Boram C&H., Ltd.",44288,5363,정상,"고분자흡수시트합지부직포,흡수지,열 용융형 접착제(고정용),열 용융형 접착제(구조용),부직포,통기성방수용합성수지필름",,신고,제조,
201802783,데이데이실크감촉250생리대,(주)에이치앤제이제이,,43284,6,정상,"아크릴산아크릴산나트륨공중합체,폴리에틸렌필름,흡수지,면상펄프,부직포,스티렌부타디엔블록코폴리머/하이드로게네이티드 폴리테르펜 점착제(DJ-100)",의약외품,신고,수입,중국
201802784,데이데이실크감촉300생리대,(주)에이치앤제이제이,,43284,7,정상,"아크릴산아크릴산나트륨공중합체,폴리에틸렌필름,흡수지,면상펄프,부직포,스티렌부타디엔블록코폴리머/하이드로게네이티드 폴리테르펜 점착제(DJ-100)",의약외품,신고,수입,중국
201802785,데이데이실크감촉410생리대,(주)에이치앤제이제이,,43284,8,정상,"아크릴산아크릴산나트륨공중합체,폴리에틸렌필름,흡수지,면상펄프,부직포,스티렌부타디엔블록코폴리머/하이드로게네이티드 폴리테르펜 점착제(DJ-100)",의약외품,신고,수입,중국
202007139,데이위드어드밴스드슬림핏생리대대형,(주)서림,,44123,5050,정상,"고흡수시트S,폴리에틸렌필름,열 용융형 접착제(고정용),순면부직포,열 용융형 접착제(구조용),부직포",,신고,제조,
202007138,데이위드어드밴스드슬림핏생리대중형,(주)서림,,44123,5049,정상,"고흡수시트S,폴리에틸렌필름,열 용융형 접착제(고정용),순면부직포,열 용융형 접착제(구조용),부직포",,신고,제조,
201903820,도나패드면생리대,도나하우스,,43627,1,정상,"면직물3,면직물1,폴리옥시메틸렌단추,면직물2",,허가,제조,
202104143,도쿄케어한방생리대대형(수출용),(주)웰크론헬스케어,,44341,274,정상,"애엽/당귀/박하/익모초/어성초/아크릴산아크릴산나트륨공중합체,폴리에틸렌필름,핫멜트(TECHNOMELT DF 7063),핫멜트(TECHNOMELT DM 2879),부직포,고분자흡수지",,신고,제조,
202104144,도쿄케어한방생리대중형(수출용),(주)웰크론헬스케어,,44341,275,정상,"애엽/당귀/박하/익모초/어성초/아크릴산아크릴산나트륨공중합체,폴리에틸렌필름,핫멜트(TECHNOMELT DF 7063),핫멜트(TECHNOMELT DM 2879),부직포,고분자흡수지",,신고,제조,
201908528,디어문블루밍데이대형생리대,(주)성원티엔지,,43818,30,정상,"폴리에틸렌필름(통기성),흡수지,열용융형핫멜트접착제(고정용),고흡수시트,순면부직포,열용융형핫멜트접착제(구조용),부직포",,신고,제조,
201908530,디어문블루밍데이소형생리대,(주)성원티엔지,,43818,32,정상,"폴리에틸렌필름(통기성),흡수지,열용융형핫멜트접착제(고정용),고흡수시트,순면부직포,열용융형핫멜트접착제(구조용),부직포",,신고,제조,
201908529,디어문블루밍데이중형생리대,(주)성원티엔지,,43818,31,정상,"폴리에틸렌필름(통기성),흡수지,열용융형핫멜트접착제(고정용),고흡수시트,순면부직포,열용융형핫멜트접착제(구조용),부직포",,신고,제조,
201601163,띵크유얼데이즈생리대중형,(주)웰크론헬스케어,,42429,122,정상,"폴리에틸렌필름,순면부직포,부직포,고분자흡수지,스티렌부타디엔블록코폴리머/하이드로게네이티드 폴리테르펜 점착제(DJ-100)",의약외품,신고,제조,
201601161,띵크유얼데이즈생리대대형,(주)웰크론헬스케어,,42429,120,정상,"폴리에틸렌필름,순면부직포,부직포,고분자흡수지,스티렌부타디엔블록코폴리머/하이드로게네이티드 폴리테르펜 점착제(DJ-100)",의약외품,신고,제조,
201601162,띵크유얼데이즈생리대소형,(주)웰크론헬스케어,,42429,121,정상,"폴리에틸렌필름,순면부직포,부직포,고분자흡수지,스티렌부타디엔블록코폴리머/하이드로게네이티드 폴리테르펜 점착제(DJ-100)",의약외품,신고,제조,
201405017,라라문생리대(데이),라라코리아인터내셔날(주),,41941,5011,정상,"폴리에틸렌필름,탈지면,접착제,부직포,고분자흡수지",,신고,수입,중국
201405018,라라문생리대(오버나이트),라라코리아인터내셔날(주),,41941,5013,정상,"폴리에틸렌필름,탈지면,접착제,부직포,고분자흡수지",,신고,수입,중국
201405019,라라문생리대(팬티라이너),라라코리아인터내셔날(주),,41941,5012,정상,"폴리에틸렌필름,탈지면,접착제,부직포",,신고,수입,중국
202201504,라미소소프트앤케어생리대중형,주식회사청아뷰티앤헬스,,44659,86,정상,"폴리에틸렌필름,고분자흡수시트,흡수지,열용융접착제(CHM-1836AZP),열용융접착제(CHM-1895AZP),부직포",,신고,제조,
202201505,라미소소프트앤케어생리대대형,주식회사청아뷰티앤헬스,,44659,87,정상,"폴리에틸렌필름,고분자흡수시트,흡수지,열용융접착제(CHM-1836AZP),열용융접착제(CHM-1895AZP),부직포",,신고,제조,
202007889,라본뉴생리대대형,주식회사청아뷰티앤헬스,,44151,47,정상,"열용융접착제(DF7063),피비에이티필름,흡수지,면상펄프,열용융접착제(DM2879),순면부직포",,신고,제조,
202007552,라본뉴생리대중형,주식회사청아뷰티앤헬스,,44140,45,정상,"열용융접착제(DM2879N),피비에이티필름,흡수지,면상펄프,순면부직포,열용융접착제(DF7063N)",,신고,제조,
202106607,라본프리미엄생리대대형,주식회사청아뷰티앤헬스,,44456,66,정상,"열용융접착제(DM2879N),순면부직포,열용융접착제(DF7063N),통기성방수용합성수지필름",,신고,제조,
202106602,라본프리미엄생리대중형,주식회사청아뷰티앤헬스,,44456,64,정상,"열용융접착제(DM2879N),순면부직포,열용융접착제(DF7063N),통기성방수용합성수지필름",,신고,제조,
202202979,라엘면생리대오버나이트,(주)지앤이헬스케어,,44761,18,정상,"면직물·폴리우레탄필름,면직물(겉표지),황동단추,면직물(흡수용),면직물(고정용),면직물(고정띠),면직물(표지용)",,허가,수입,베트남
202202980,라엘면생리대중형,(주)지앤이헬스케어,,44761,19,정상,"면직물·폴리우레탄필름,면직물(겉표지),황동단추,면직물(흡수용),면직물(고정용),면직물(고정띠),면직물(표지용)",,허가,수입,베트남
202101365,라이트윙대형생리대,(주)한미통상,,44244,20,정상,"아크릴산·아크릴산나트륨공중합체,폴리에틸렌필름,흡수지,면상펄프,핫멜트접착제(테크노멜트),부직포",,신고,수입,중국
202101366,라이트윙오버나이트생리대,(주)한미통상,,44244,21,정상,"아크릴산·아크릴산나트륨공중합체,폴리에틸렌필름,흡수지,면상펄프,핫멜트접착제(테크노멜트),부직포",,신고,수입,중국
202101364,라이트윙중형생리대,(주)한미통상,,44244,19,정상,"아크릴산·아크릴산나트륨공중합체,폴리에틸렌필름,흡수지,면상펄프,핫멜트접착제(테크노멜트),부직포",,신고,수입,중국
201906347,레버런스생리대대형,(주)서림,,43714,5029,정상,"폴리에틸렌필름,열 용융형 접착제(고정용),커피원두분말 고분자흡수체,열 용융형 접착제(구조용),부직포",,허가,제조,
201904684,레버런스생리대오버나이트,(주)서림,,43657,5026,정상,"폴리에틸렌필름,열 용융형 접착제(고정용),커피원두분말 고분자흡수체,열 용융형 접착제(구조용),부직포",,허가,제조,
201906346,레버런스생리대중형,(주)서림,,43714,5028,정상,"폴리에틸렌필름,열 용융형 접착제(고정용),커피원두분말 고분자흡수체,열 용융형 접착제(구조용),부직포",,허가,제조,
202204112,"레브소미프리미엄면생리대(소형,중형,대형,특대형)(녹색,상아색,연한청록색,연한황색)",주식회사 대양바이오랩,-,44880,1,정상,"폴리우레탄코팅된면직물B,폴리옥시메틸렌(단추),폴리우레탄코팅된면직물C,폴리우레탄코팅된면직물D,레이욘혼방직물,폴리우레탄코팅된면직물A,면직물(고정띠)",,허가,제조,
201902008,"레이디네이처생리대(데이패드, 나이트패드, 오버나이트패드)",(주)마루성코리아,,43558,2,정상,"폴리에틸렌필름,스티렌이소프렌스티렌블록공중합체,박리지,고흡수성폴리머수지,부직포",,신고,수입,중국
200700892,로한 면생리대 라지,로한,,39104,5004,정상,"면편물,폴리에스터직물",의약외품,허가,제조,
200612748,로한 면생리대 레귤러,로한,,39079,5002,정상,"면편물,폴리에스터직물",의약외품,허가,제조,
200700891,로한 면생리대 슬림,로한,,39104,5003,정상,"면편물,폴리에스터직물",의약외품,허가,제조,
200612747,로한 면생리대 오버나이트,로한,,39079,5001,정상,"면편물,폴리에스터직물",의약외품,허가,제조,
200906603,"로한라이너면생리대(슬림,레귤러,라지,오버나이트,특오버나이트)",로한,,40056,9,정상,"폴리에스터직물,면직물",의약외품,허가,제조,
200903291,"로한로하스면생리대(슬림,레귤러,라지,오버나이트,특오버나이트)",로한,,39947,7,정상,"면편물,폴리에스터직물",의약외품,허가,제조,
201003465,로한세이프면생리대,로한,,40310,14,정상,"면편물,폴리우레탄 필름",의약외품,허가,제조,
200907302,"로한플라워면생리대(슬림,레귤러,라지,오버나이트,특오버나이트)",로한,,40093,11,정상,"면편물,폴리우레탄필름,면직물",의약외품,허가,제조,
201101283,"루아모리면생리대(슬림, 레귤러, 라지, 오버나이트, 특오버나이트)",로한,,40612,5007,정상,"면편물,폴리우레탄필름,면직물",의약외품,허가,제조,
202302033,르프레시대형팬티형생리대,(주)이앤더블유,"E&W Co., Ltd.",45110,173,정상,"열용융형접착제E,폴리우레탄섬유H1,폴리우레탄섬유H2,열용융형접착제C,폴리에틸렌필름,면상펄프,아쿠아키프,순면부직포,부직포",,허가,제조,
202302034,르프레시중형팬티형생리대,(주)이앤더블유,"E&W Co., Ltd.",45110,174,정상,"열용융형접착제E,폴리우레탄섬유H1,폴리우레탄섬유H2,열용융형접착제C,폴리에틸렌필름,면상펄프,아쿠아키프,순면부직포,부직포",,허가,제조,
202201260,리즌도톰한타입대형생리대,(주)보람씨앤에치,"Boram C&H., Ltd.",44650,5420,정상,"흡수지,면상펄프,열 용융형 접착제(고정용),순면부직포,열 용융형 접착제(구조용),부직포,통기성방수용합성수지필름",,신고,제조,
202201259,리즌도톰한타입중형생리대,(주)보람씨앤에치,"Boram C&H., Ltd.",44650,5419,정상,"흡수지,면상펄프,열 용융형 접착제(고정용),순면부직포,열 용융형 접착제(구조용),부직포,통기성방수용합성수지필름",,신고,제조,
202202424,리즌얇은타입대형생리대,(주)보람씨앤에치,"Boram C&H., Ltd.",44722,5437,정상,"순면흡수시트,열 용융형 접착제(고정용),순면부직포,열 용융형 접착제(구조용),통기성방수용합성수지필름",,허가,제조,
202202425,리즌얇은타입중형생리대,(주)보람씨앤에치,"Boram C&H., Ltd.",44722,5438,정상,"순면흡수시트,열 용융형 접착제(고정용),순면부직포,열 용융형 접착제(구조용),통기성방수용합성수지필름",,허가,제조,
202201775,릴라페미닌생리대대형,주식회사청아뷰티앤헬스,,44683,95,정상,"고분자흡수시트,흡수지,열용융접착제(CHM-1836AZP),순면부직포,열용융접착제(CHM-1895AZP),부직포,통기성방수용합성수지필름",,신고,제조,
202201787,릴라페미닌생리대오버나이트,주식회사청아뷰티앤헬스,,44683,97,정상,"고분자흡수시트,흡수지,열용융접착제(CHM-1836AZP),순면부직포,열용융접착제(CHM-1895AZP),부직포,통기성방수용합성수지필름",,신고,제조,
202201776,릴라페미닌생리대중형,주식회사청아뷰티앤헬스,,44683,96,정상,"고분자흡수시트,흡수지,열용융접착제(CHM-1836AZP),순면부직포,열용융접착제(CHM-1895AZP),부직포,통기성방수용합성수지필름",,신고,제조,
202301119,"마마나스면생리대(오버나이트,울트라오버나이트)(보라무늬,연한황색무늬,주홍무늬,파랑무늬)",마마나스협동조합,,45020,5018,정상,"황동단추,폴리우레탄코팅면직물(보라무늬),폴리우레탄코팅면직물(주홍무늬),면직물,폴리우레탄코팅면직물(연한황색무늬),폴리우레탄코팅면직물(파랑무늬)",,허가,제조,
202202856,"마마나스면생리대(중형,대형)(주홍,보라,연한황색,파랑)",마마나스협동조합,,44753,5017,정상,"황동단추,폴리우레탄코팅면직물(보라무늬),폴리우레탄코팅면직물(주홍무늬),면직물,폴리우레탄코팅면직물(연한황색무늬),폴리우레탄코팅면직물(파랑무늬)",,허가,제조,
201108814,"면달셋큐티면생리대(팬티라이너형,소형,중형,대형,오버나이트형,롱오버나이트형)",제일실업,,40834,85,정상,"면직물(분홍색),그림이인쇄된면직물(40수),면직물(30수),면직물(청색),나일론직물,면직물(40수)",,허가,제조,
201104112,"면생리대달동무(일반형, 대형, 오버나이트)",목화송이협동조합,,40724,5009,정상,"면직물,면사 10번수 단사",의약외품,허가,제조,
201104113,면생리대달동무팬티라이너,목화송이협동조합,,40724,5010,정상,"면직물,면사 10번수 단사",의약외품,허가,제조,
200707953,면생리대특오버나이트,로한,,39273,2,정상,"면편물,폴리에스터직물",의약외품,허가,제조,
202103844,몽디에스프레젠트코튼생리대중형,(주)서림,,44329,5065,정상,"폴리에틸렌필름,흡수지,핫멜트점착제(열용융형점착제(고정용)),면상펄프,순면부직포,부직포,핫멜트점착제(열용융형점착제(구조용))",,허가,제조,
202200435,몽디에스프레젠트코튼생리대대형,(주)서림,,44587,5077,정상,"폴리에틸렌필름,흡수지,핫멜트점착제(열용융형점착제(고정용)),면상펄프,순면부직포,부직포,핫멜트점착제(열용융형점착제(구조용))",,허가,제조,
202302317,미슈얼리생리대대형,주식회사 대한바이오팜,,45139,174,정상,"폴리에틸렌필름,핫멜트(TECHNOMELT DF 7063),면상펄프,핫멜트(TECHNOMELT DM 2879),편백오일,부직포,고분자흡수지",,신고,제조,
202203042,미슈얼리생리대중형,주식회사 대한바이오팜,,44764,140,정상,"폴리에틸렌필름,핫멜트(TECHNOMELT DF 7063),면상펄프,핫멜트(TECHNOMELT DM 2879),편백오일,부직포,고분자흡수지",,신고,제조,
202007167,보나뉴생리대코지대형,(주)에스에스케이,"SSK Co., Ltd.",44124,148,정상,"접착제(TECHNOMELT DM 2879),폴리에틸렌필름,흡수지,면상펄프,순면부직포,접착제(DF 7063),부직포",,신고,제조,
202007166,보나뉴생리대코지중형,(주)에스에스케이,"SSK Co., Ltd.",44124,147,정상,"접착제(TECHNOMELT DM 2879),폴리에틸렌필름,흡수지,면상펄프,순면부직포,접착제(DF 7063),부직포",,신고,제조,
202101811,보나뉴생리대퓨어대형,(주)에스에스케이,"SSK Co., Ltd.",44251,167,정상,"접착제(TECHNOMELT DM 2879),폴리에틸렌필름,순면부직포,접착제(DF 7063)",,허가,제조,
202101810,보나뉴생리대퓨어중형,(주)에스에스케이,"SSK Co., Ltd.",44251,166,정상,"접착제(TECHNOMELT DM 2879),폴리에틸렌필름,순면부직포,접착제(DF 7063)",,허가,제조,
202104333,"보나면생리대코지(소형, 중형,대형,오버나이트)",(주)송지,,44349,5,정상,"폴리우레탄코팅면직물(주황색계열그림인쇄),구리합금단추,면직물",,허가,제조,
202104334,보나면생리대코지팬티라이너,(주)송지,,44349,6,정상,"폴리우레탄코팅면직물(주황색계열그림인쇄),구리합금단추,면직물",,허가,제조,
201908580,"보나면생리대퓨어(소형, 중형, 대형, 오버나이트)",(주)송지,,43822,3,정상,"폴리우레탄코팅면직물,구리합금단추,면직물,레이욘면혼방직물",,허가,제조,
201908581,보나면생리대퓨어(팬티라이너),(주)송지,,43822,4,정상,"폴리우레탄코팅면직물,구리합금단추,면직물,레이온면혼방직물",,허가,제조,
201907882,보나생리대코지중형,(주)보람씨앤에치,"Boram C&H., Ltd.",43781,5279,정상,"흡수지,면상펄프,열 용융형 접착제(고정용),순면부직포,열 용융형 접착제(구조용),부직포,통기성방수용합성수지필름",,신고,제조,
201804417,보나생리대퓨어대형,(주)보람씨앤에치,"Boram C&H., Ltd.",43411,5167,정상,"순면흡수시트,열 용융형 접착제(고정용),순면부직포,열 용융형 접착제(구조용),통기성방수용합성수지필름",의약외품,허가,제조,
201804416,보나생리대퓨어중형,(주)보람씨앤에치,"Boram C&H., Ltd.",43411,5166,정상,"순면흡수시트,열 용융형 접착제(고정용),순면부직포,열 용융형 접착제(구조용),통기성방수용합성수지필름",의약외품,허가,제조,
201700415,본골드생리대대형,(주)웰크론헬스케어,,42759,149,정상,"폴리에틸렌필름,핫멜트(TECHNOMELT DF 7063),순면부직포,부직포,고분자흡수지,핫멜트(TECHNOMELT DM COOL 2802)",의약외품,신고,제조,
201700416,본골드생리대소형,(주)웰크론헬스케어,,42759,150,정상,"폴리에틸렌필름,핫멜트(TECHNOMELT DF 7063),순면부직포,부직포,고분자흡수지,핫멜트(TECHNOMELT DM COOL 2802)",의약외품,신고,제조,
201700414,본골드생리대중형,(주)웰크론헬스케어,,42759,148,정상,"폴리에틸렌필름,핫멜트(TECHNOMELT DF 7063),순면부직포,부직포,고분자흡수지,핫멜트(TECHNOMELT DM COOL 2802)",의약외품,신고,제조,
201310566,본에스생리대(대형),(주)제이투엘에프에이,J2LFA,41614,16,정상,"폴리에틸렌필름(표지용),핫멜트접착제(SANICARE7354),아크릴산아크릴산나트륨공중합체,흡수지,부직포",의약외품,신고,수입,중국
201310565,본에스생리대(소형),(주)제이투엘에프에이,J2LFA,41614,15,정상,"폴리에틸렌필름(표지용),핫멜트접착제(SANICARE7354),아크릴산아크릴산나트륨공중합체,흡수지,부직포",의약외품,신고,수입,중국
201310567,본에스생리대(슈퍼롱),(주)제이투엘에프에이,J2LFA,41614,17,정상,"폴리에틸렌필름(표지용),핫멜트접착제(SANICARE7354),아크릴산아크릴산나트륨공중합체,면상펄프,부직포",의약외품,신고,수입,중국
201310581,본에스생리대(오버나이트),(주)제이투엘에프에이,J2LFA,41614,21,정상,"폴리에틸렌필름(표지용),핫멜트접착제(SANICARE7354),아크릴산아크릴산나트륨공중합체,흡수지,부직포",의약외품,신고,수입,중국
201310580,본에스생리대(중형),(주)제이투엘에프에이,J2LFA,41614,20,정상,"폴리에틸렌필름(표지용),핫멜트접착제(SANICARE7354),아크릴산아크릴산나트륨공중합체,흡수지,부직포",의약외품,신고,수입,중국
202302321,본퓨어생리대(대형),(주)제이투엘에프에이,J2LFA,45140,34,정상,"통기성방수용폴리에틸렌필름,핫멜트접착제(테크노멜트DF6603U),흡수지,핫멜트접착제(테크노멜트DM2883U),면상펄프,순면부직포,부직포",,허가,수입,중국
202302320,본퓨어생리대(오버나이트),(주)제이투엘에프에이,J2LFA,45140,33,정상,"통기성방수용폴리에틸렌필름,핫멜트접착제(테크노멜트DF6603U),흡수지,핫멜트접착제(테크노멜트DM2883U),면상펄프,순면부직포,부직포",,허가,수입,중국
202302326,본퓨어생리대(중형),(주)제이투엘에프에이,J2LFA,45140,36,정상,"통기성방수용폴리에틸렌필름,핫멜트접착제(테크노멜트DF6603U),흡수지,핫멜트접착제(테크노멜트DM2883U),면상펄프,순면부직포,부직포",,허가,수입,중국
202001378,본플러스도톰한생리대중형,주식회사청아뷰티앤헬스,,43888,17,정상,"열용융접착제(DM2879N),면상펄프,아쿠아키프,순면부직포,열용융접착제(DF7063N),부직포,통기성방수용합성수지필름",,신고,제조,
202001379,본플러스도톰한생리대대형,주식회사청아뷰티앤헬스,,43888,18,정상,"열용융접착제(DM2879N),면상펄프,아쿠아키프,순면부직포,열용융접착제(DF7063N),통기성방수용합성수지필름,부직포",,신고,제조,
202005132,뷰코셋바이오나이트윙생리대,주식회사 뷰코셋코리아,,44028,7,정상,"면부직포,흡수지,면상펄프,폴리에스테르필름,핫멜트접착제",,허가,수입,핀란드
201504929,뷰코셋바이오노말윙생리대,주식회사 뷰코셋코리아,,42202,4,정상,"흡수지,면상펄프,폴리에스테르필름,탈지면롤,핫멜트접착제",의약외품,허가,수입,핀란드
201506730,뷰코셋바이오롱윙생리대,주식회사 뷰코셋코리아,,42270,5,정상,"흡수지,면상펄프,폴리에스테르필름,탈지면롤,핫멜트접착제",의약외품,허가,수입,핀란드
201901769,비오인티마노떼코날리생리대대형,주식회사이엠지아시아,,43549,4,정상,"핫멜트접착제DF665,실리콘코팅이된셀룰로오스종이,탈지면,폴리에스테르필름,핫멜트접착제DM234,부직포",,허가,수입,이탈리아
201901770,비오인티마조르노코날리생리대중형,주식회사이엠지아시아,,43549,5,정상,"핫멜트접착제DF665,실리콘코팅이된셀룰로오스종이,탈지면,폴리에스테르필름,핫멜트접착제DM234,부직포",,허가,수입,이탈리아
202204561,뽀솜다이어리생리대대형,주식회사타운에스앤지,"Town S&G Co., Ltd.",44916,5025,정상,"핫멜트점착제(열용융형점착제(고정용)),부직포(순면),통기성폴리에틸렌필름(S),부직포,핫멜트점착제(열용융형점착제(구조용))",,신고,제조,
202204560,뽀솜다이어리생리대중형,주식회사타운에스앤지,"Town S&G Co., Ltd.",44916,5024,정상,"면부직포,핫멜트점착제(열용융형점착제(고정용)),통기성폴리에틸렌필름(S),부직포,핫멜트점착제(열용융형점착제(구조용))",,신고,제조,
201606576,"산들나래생리대(데이패드, 나이트패드, 오버나이트, 마터니티)",(주)마루성코리아,,42684,1,정상,"폴리에틸렌필름,폴리아크릴산나트륨,박리지,아크릴산메칠ㆍ메타아크릴산공중합체,활성탄,레이온스테이플면",의약외품,신고,수입,중국
202005916,산들산들내추럴생리대팬티라이너,(주)업드림코리아,,44063,9,정상,"폴리에틸렌필름,면상펄프,순면부직포,핫멜트접착제",,신고,수입,중국
202005914,산들산들내추럴생리대오버나이트,(주)업드림코리아,,44063,7,정상,"폴리에틸렌필름,면상펄프,고흡수시트,순면부직포,부직포,핫멜트접착제",,신고,수입,중국
202005915,산들산들내추럴생리대중형,(주)업드림코리아,,44063,8,정상,"폴리에틸렌필름,면상펄프,고흡수시트,순면부직포,부직포,핫멜트접착제",,신고,수입,중국
202105205,산들산들생리대대형,(주)업드림코리아,,44385,11,정상,"폴리에틸렌필름,흡수지,고흡수시트,부직포,핫멜트접착제",,신고,수입,중국
202105204,산들산들생리대슈퍼롱,(주)업드림코리아,,44385,10,정상,"폴리에틸렌필름,흡수지,고흡수시트,부직포,핫멜트접착제",,신고,수입,중국
201802037,산들산들생리대오버나이트,(주)업드림코리아,,43234,1,정상,"폴리에틸렌필름,흡수지,고흡수시트,부직포,핫멜트접착제",의약외품,신고,수입,중국
201802039,산들산들생리대중형,(주)업드림코리아,,43234,3,정상,"폴리에틸렌필름,흡수지,고흡수시트,부직포,핫멜트접착제",의약외품,신고,수입,중국
201802038,산들산들생리대팬티라이너,(주)업드림코리아,,43234,2,정상,"폴리에틸렌필름,흡수지,부직포,핫멜트접착제",의약외품,신고,수입,중국
201600203,삼신생리대,(주)에스에스케이,"SSK Co., Ltd.",42380,1,정상,"폴리에틸렌필름(표지용),흡수지,면상펄프,접착제(DF 7063),부직포",의약외품,신고,제조,
202104156,샌디스생리대대형(수출용),(주)서림,,44342,5067,정상,"폴리에틸렌필름,흡수지,면상펄프,아쿠아키프,열 용융형 접착제(고정용),순면부직포,열 용융형 접착제(구조용),부직포",,신고,제조,
202104152,샌디스생리대중형(수출용),(주)서림,,44341,5066,정상,"폴리에틸렌필름,흡수지,아쿠아키프,면상펄프,열 용융형 접착제(고정용),순면부직포,열 용융형 접착제(구조용),부직포",,신고,제조,
202200418,샌디스순면생리대날개형중형,(주)서림,,44586,5075,정상,"폴리에틸렌필름,흡수지,면상펄프,아쿠아키프,열 용융형 접착제(고정용),순면부직포,열 용융형 접착제(구조용),부직포",,신고,제조,
202200419,샌디스순면생리대날개형대형,(주)서림,,44586,5076,정상,"폴리에틸렌필름,흡수지,면상펄프,아쿠아키프,열 용융형 접착제(고정용),순면부직포,열 용융형 접착제(구조용),부직포",,신고,제조,
201901856,생활공작소생리대오버나이트,(주)서림,,43551,5012,정상,"폴리에틸렌필름,흡수지,아쿠아키프,면상펄프,열 용융형 접착제(고정용),열 용융형 접착제(구조용),부직포",,신고,제조,
201901855,생활공작소생리대중형,(주)서림,,43551,5011,정상,"폴리에틸렌필름,흡수지,아쿠아키프,면상펄프,열 용융형 접착제(고정용),열 용융형 접착제(구조용),부직포",,신고,제조,
200907458,"서화담순면생리대(소형,중형,대형,오버나이트형,특대오버나이트오형, 특대오버나이트더블유형)",(주)지앤이헬스케어,,40100,51,정상,"면기모,면60수,면직물",의약외품,허가,제조,
201907504,"수미인면생리대(오버나이트)(분홍색계열그림인쇄,녹색계열그림인쇄)",경기부천소사지역자활센터,,43766,5014,정상,"폴리우레탄코팅면직물(분홍색계열그림인쇄),폴리옥시메틸렌단추,폴리우레탄코팅면직물(녹색계열그림인쇄),순면직물",,허가,제조,
202001129,"수미인면생리대(특오버나이트,대형,중형,소형)(분홍색계열그림인쇄,녹색계열그림인쇄)",경기부천소사지역자활센터,,43879,5015,정상,"폴리우레탄코팅면직물(분홍색계열그림인쇄),폴리옥시메틸렌단추,폴리우레탄코팅면직물(녹색계열그림인쇄),순면직물",,허가,제조,
201310524,순면본생리대(대형),(주)제이투엘오에이치,,41612,10,정상,"폴리에틸렌필름(표지용),핫멜트접착제(SANICARE7354),아크릴산아크릴산나트륨공중합체,흡수지,부직포",의약외품,신고,수입,중국
201310522,순면본생리대(소형),(주)제이투엘오에이치,,41612,8,정상,"폴리에틸렌필름(표지용),핫멜트접착제(SANICARE7354),아크릴산아크릴산나트륨공중합체,흡수지,부직포",의약외품,신고,수입,중국
201310526,순면본생리대(슈퍼롱),(주)제이투엘오에이치,,41612,12,정상,"폴리에틸렌필름(표지용),핫멜트접착제(SANICARE7354),아크릴산아크릴산나트륨공중합체,면상펄프,부직포",,신고,수입,중국
201310525,순면본생리대(오버나이트),(주)제이투엘오에이치,,41612,11,정상,"폴리에틸렌필름(표지용),핫멜트접착제(SANICARE7354),아크릴산아크릴산나트륨공중합체,흡수지,부직포",,신고,수입,중국
201310523,순면본생리대(중형),(주)제이투엘오에이치,,41612,9,정상,"폴리에틸렌필름(표지용),핫멜트접착제(SANICARE7354),아크릴산아크릴산나트륨공중합체,흡수지,부직포",의약외품,신고,수입,중국
202200876,순면이좋은날러브생리대중형,(주)보람씨앤에치,"Boram C&H., Ltd.",44617,5412,정상,"고분자흡수시트합지부직포,열 용융형 접착제(고정용),순면부직포,열 용융형 접착제(구조용),부직포,통기성방수용합성수지필름",,신고,제조,
201705692,슈베스캐치미슬림대형생리대,(주)이오스트,,42933,1,정상,"아크릴산·아크릴산나트륨공중합체,통기성방수용폴리에틸렌필름,접착제,면상펄프,부직포",의약외품,신고,수입,중국
201705693,슈베스캐치미슬림슈퍼롱오버나이트생리대,(주)이오스트,,42933,2,정상,"아크릴산·아크릴산나트륨공중합체,통기성방수용폴리에틸렌필름,접착제,면상펄프,부직포",의약외품,신고,수입,중국
201705694,슈베스캐치미슬림오버나이트생리대,(주)이오스트,,42933,3,정상,"아크릴산·아크릴산나트륨공중합체,통기성방수용폴리에틸렌필름,접착제,면상펄프,부직포",의약외품,신고,수입,중국
201705695,슈베스캐치미슬림중형생리대,(주)이오스트,,42933,4,정상,"아크릴산·아크릴산나트륨공중합체,통기성방수용폴리에틸렌필름,접착제,면상펄프,부직포",의약외품,신고,수입,중국
201705696,슈베스프라이데이울트라슬림대형생리대,(주)이오스트,,42933,7,정상,"아크릴산·아크릴산나트륨공중합체,통기성방수용폴리에틸렌필름,접착제,면상펄프,부직포",의약외품,신고,수입,중국
201705697,슈베스프라이데이울트라슬림중형생리대,(주)이오스트,,42933,8,정상,"아크릴산·아크릴산나트륨공중합체,통기성방수용폴리에틸렌필름,접착제,면상펄프,부직포",의약외품,신고,수입,중국
201310171,슈퍼브클린생리대(나이트),(주)한국에바다,,41596,2,정상,"폴리에틸렌필름(표지용),흡수지,부직포,핫멜트접착제",의약외품,신고,수입,중국
201310172,슈퍼브클린생리대(데이),(주)한국에바다,,41596,3,정상,"폴리에틸렌필름(표지용),흡수지,부직포,핫멜트접착제",의약외품,신고,수입,중국
201310170,슈퍼브클린생리대(미니패드),(주)한국에바다,,41596,1,정상,"폴리에틸렌필름(표지용),흡수지,부직포,핫멜트접착제",의약외품,신고,수입,중국
201310173,슈퍼브클린생리대(팬티라이너),(주)한국에바다,,41596,5007,정상,"폴리에틸렌필름(표지용),흡수지,부직포,핫멜트접착제",의약외품,신고,수입,중국
201402704,스토리문생리대,(주)티제이에스아이,,41807,1,정상,"폴리에틸렌필름(표지용),스틸렌부타디엔블록 공중합체,흡수지,부직포",의약외품,신고,수입,중국
202006671,시솔오가닉생리대대형(수출용),중원주식회사,,44102,5074,정상,"폴리에틸렌필름,흡수지,폴리아크릴산나트륨,면상펄프,순면부직포,열용융접착제B1,부직포,열용융접착제B2",,신고,제조,
202006670,시솔오가닉생리대중형(수출용),중원주식회사,,44102,5073,정상,"폴리에틸렌필름,흡수지,폴리아크릴산나트륨,면상펄프,순면부직포,열용융접착제B1,부직포,열용융접착제B2",,신고,제조,
202006481,시솔콤포트생리대대형(수출용),중원주식회사,,44095,5066,정상,"폴리에틸렌필름,흡수지,폴리아크릴산나트륨,면상펄프,열용융접착제B1,부직포,열용융접착제B2",,신고,제조,
202006480,시솔콤포트생리대중형(수출용),중원주식회사,,44095,5065,정상,"폴리에틸렌필름,흡수지,폴리아크릴산나트륨,면상펄프,열용융접착제B1,부직포,열용융접착제B2",,신고,제조,
202006897,시크릿데이드라이생리대중형,중원주식회사,,44113,5076,정상,"고흡수시트A,폴리에틸렌필름,흡수지,열용융접착제B1,부직포,열용융접착제B2",,신고,제조,
202006898,시크릿데이드라이생리대대형,중원주식회사,,44113,5077,정상,"고흡수시트A,폴리에틸렌필름,흡수지,열용융접착제B1,부직포,열용융접착제B2",,신고,제조,
202006090,시크릿데이리얼실키생리대대형,중원주식회사,,44074,5053,정상,"열용융접착제 (TECHNOMELT DF 7063),폴리에틸렌필름,열용융접착제 (TECHNOMELT DM 2879),흡수지,폴리아크릴산나트륨,면상펄프,부직포",,신고,제조,
202006089,시크릿데이리얼실키생리대중형,중원주식회사,,44074,5052,정상,"열용융접착제 (TECHNOMELT DF 7063),폴리에틸렌필름,열용융접착제 (TECHNOMELT DM 2879),흡수지,폴리아크릴산나트륨,면상펄프,부직포",,신고,제조,
201900703,시크릿데이바이미피생리대대형,중원주식회사,,43494,5031,정상,"폴리에틸렌필름,열용융접착제(TECHNOMELT DM 2879),흡수지,폴리아크릴산나트륨,열용융접착제(TECHNOMELT DF 7063),면상펄프,순면부직포,부직포",,신고,제조,
201900701,시크릿데이바이미피생리대중형,중원주식회사,,43494,5029,정상,"폴리에틸렌필름,열용융접착제(TECHNOMELT DM 2879),흡수지,폴리아크릴산나트륨,열용융접착제(TECHNOMELT DF 7063),면상펄프,순면부직포,부직포",,신고,제조,
202300068,시크릿데이블랙캣생리대소형,중원주식회사,,44931,5148,정상,"폴리에틸렌필름,흡수지,폴리아크릴산나트륨,면상펄프,열용융접착제B1,부직포,열용융접착제B2",,신고,제조,
202300080,시크릿데이블랙캣생리대대형,중원주식회사,,44932,5149,정상,"폴리에틸렌필름,흡수지,폴리아크릴산나트륨,면상펄프,열용융접착제B1,부직포,열용융접착제B2",,신고,제조,
202204658,시크릿데이블랙캣생리대중형,중원주식회사,,44922,5143,정상,"폴리에틸렌필름,흡수지,폴리아크릴산나트륨,면상펄프,열용융접착제B1,부직포,열용융접착제B2",,신고,제조,
202204689,시크릿데이블랙캣생리대슈퍼롱,중원주식회사,,44924,5147,정상,"폴리에틸렌필름,흡수지,폴리아크릴산나트륨,면상펄프,열용융접착제A2,열용융접착제B1,부직포",,신고,제조,
202204685,시크릿데이블랙캣생리대오버나이트,중원주식회사,,44924,5144,정상,"폴리에틸렌필름,흡수지,폴리아크릴산나트륨,면상펄프,열용융접착제A2,열용융접착제B1,부직포",,신고,제조,
201907661,시크릿데이샬롯생리대대형,중원주식회사,,43770,5041,정상,"폴리에틸렌필름,열용융접착제(TECHNOMELT DM 2879),흡수지,폴리아크릴산나트륨,열용융접착제(TECHNOMELT DF 7063),면상펄프,부직포",,신고,제조,
201907660,시크릿데이샬롯생리대중형,중원주식회사,,43770,5040,정상,"폴리에틸렌필름,열용융접착제(TECHNOMELT DM 2879),흡수지,폴리아크릴산나트륨,열용융접착제(TECHNOMELT DF 7063),면상펄프,부직포",,신고,제조,
202005835,시크릿데이포네이처생리대중형,중원주식회사,,44061,5050,정상,"열용융접착제 (TECHNOMELT DF 7063),열용융접착제 (TECHNOMELT DM 2879),흡수지,면상펄프,순면부직포,부직포,폴리에틸렌필름B1",,신고,제조,
202105739,시크릿데이포네이처생리대소형에이,중원주식회사,,44412,5099,정상,"흡수지,면상펄프,순면부직포,열용융접착제B1,부직포,폴리에틸렌필름B1,열용융접착제B2",,허가,제조,
202005836,시크릿데이포네이처생리대대형,중원주식회사,,44061,5051,정상,"열용융접착제 (TECHNOMELT DF 7063),열용융접착제 (TECHNOMELT DM 2879),흡수지,면상펄프,순면부직포,부직포,폴리에틸렌필름B1",,신고,제조,
202009157,시크릿데이포네이처생리대대형에이,중원주식회사,,44188,5082,정상,"흡수지,면상펄프,순면부직포,열용융접착제B1,부직포,폴리에틸렌필름B1,열용융접착제B2",,허가,제조,
202009156,시크릿데이포네이처생리대중형에이,중원주식회사,,44188,5081,정상,"흡수지,면상펄프,순면부직포,열용융접착제B1,부직포,폴리에틸렌필름B1,열용융접착제B2",,허가,제조,
202005881,심플리오소프트생리대대형,(주)서림,,44062,5048,정상,"폴리에틸렌필름,흡수지,면상펄프,아쿠아키프,열 용융형 접착제(고정용),순면부직포,열 용융형 접착제(구조용),부직포",,신고,제조,
202005880,심플리오소프트생리대중형,(주)서림,,44062,5047,정상,"고흡수시트S,폴리에틸렌필름,열 용융형 접착제(고정용),순면부직포,열 용융형 접착제(구조용),부직포",,신고,제조,
202107617,싸이클린면생리대(대형),주식회사싸이클린,,44524,4,정상,"레이욘면혼방직물(표지용),폴리에스테르직물/폴리우레탄필름,폴리옥시메틸렌단추,면직물,면직물(고정띠),레이욘면혼방직물(흡수용)",,허가,제조,
202107620,싸이클린면생리대(중형),주식회사싸이클린,,44524,5,정상,"레이욘면혼방직물(표지용),폴리에스테르직물/폴리우레탄필름,폴리옥시메틸렌(단추),면직물,면직물(고정띠),레이욘면혼방직물(흡수용)",,허가,제조,
200810909,쎄페생리대,세원글로벌,,39762,1,정상,"흡수지,방수지,면상펄프,아쿠아키프,레이온(쿠션재),수용성필름,펄프수지,테잎(아크릴산에스테르공중합체수성에멀젼),부직포",의약외품,신고,수입,일본
200701636,아이면생리대소형,(주)아이에코,,39119,5002,정상,"순면사면직물,폴리우레탄코팅된면직물",의약외품,허가,제조,
200701638,아이면생리대오버나이트형,(주)아이에코,,39119,5004,정상,"순면사면직물,폴리우레탄코팅된면직물",의약외품,허가,제조,
200701637,아이면생리대중형,(주)아이에코,,39119,5003,정상,"순면사면직물,폴리우레탄코팅된면직물",의약외품,허가,제조,
200701635,아이면생리대팬티라이너,(주)아이에코,,39119,5001,정상,"순면사면직물,폴리우레탄코팅된면직물",의약외품,허가,제조,
201501511,아이스마일생리대(나이트),(주)키토라이프,,42087,1,정상,"폴리에틸렌필름,탈지면,접착제,부직포,고분자흡수지",의약외품,신고,수입,중국
201501512,아이스마일생리대(데이),(주)키토라이프,,42087,2,정상,"폴리에틸렌필름,탈지면,접착제,부직포,고분자흡수지",의약외품,신고,수입,중국
201501513,아이스마일생리대(엑스트라롱),(주)키토라이프,,42087,3,정상,"폴리에틸렌필름,탈지면,접착제,부직포,고분자흡수지",의약외품,신고,수입,중국
201501514,아이스마일생리대(팬티라이너),(주)키토라이프,,42087,4,정상,"폴리에틸렌필름,탈지면,접착제,부직포",의약외품,신고,수입,중국
201003466,"아임오면생리대(슬림, 레귤러, 라지, 오버나이트, 특오버나이트)",로한,,40310,15,정상,"면편물,폴리우레탄 필름",의약외품,허가,제조,
201804659,아임이자연순면생리대중형,(주)웰크론헬스케어,,43430,213,정상,"고분자흡수지(하층),폴리에틸렌필름,고분자흡수지(상층),핫멜트(TECHNOMELT DF 7063),순면부직포,핫멜트(TECHNOMELT DM 2879),부직포",의약외품,신고,제조,
202101163,알롱생리대디어걸대형,(주)보람씨앤에치,"Boram C&H., Ltd.",44235,5347,정상,"고분자흡수시트합지부직포,흡수지,열 용융형 접착제(고정용),열 용융형 접착제(구조용),부직포,통기성방수용합성수지필름",,신고,제조,
202101162,알롱생리대디어걸중형,(주)보람씨앤에치,"Boram C&H., Ltd.",44235,5346,정상,"고분자흡수시트합지부직포,흡수지,열 용융형 접착제(고정용),열 용융형 접착제(구조용),부직포,통기성방수용합성수지필름",,신고,제조,
202001480,앤시아생리대대형,(주)씨엔피코리아하이진,,43893,14,정상,"에어레이드 부직포,핫멜트접착제(TECHNOMELT DM 2802U),폴리에틸렌필름,커피원두분말 고분자흡수체,부직포",,허가,수입,중국
202001639,앤시아생리대오버나이트,(주)씨엔피코리아하이진,,43900,16,정상,"에어레이드 부직포,핫멜트접착제(TECHNOMELT DM 2802U),폴리에틸렌필름,커피원두분말 고분자흡수체,부직포",,허가,수입,중국
202001481,앤시아생리대중형,(주)씨엔피코리아하이진,,43893,15,정상,"에어레이드 부직포,핫멜트접착제(TECHNOMELT DM 2802U),폴리에틸렌필름,커피원두분말 고분자흡수체,부직포",,허가,수입,중국
201902000,"에코어스편안한면생리대(소형,중형,대형,오버나이트형,특대오버나이트형)",주식회사에코어스,,43557,2,정상,"면직물/폴리우레탄필름,면직물(무늬),면직물",,허가,제조,
201400618,에코호생리대슈퍼롱,주식회사이앤에이치,,41682,4,정상,"폴리프로필렌필름,흡수지,면상펄프,아쿠아키프,핫멜트,부직포",의약외품,신고,수입,중국
201400616,에코호생리대중형,주식회사이앤에이치,,41682,2,정상,"폴리프로필렌필름,흡수지,면상펄프,아쿠아키프,핫멜트,부직포",의약외품,신고,수입,중국
201400617,에코호생리대특대형,주식회사이앤에이치,,41682,3,정상,"폴리프로필렌필름,흡수지,면상펄프,아쿠아키프,핫멜트,부직포",의약외품,신고,수입,중국
202302439,엔젤문생리대(나이트 플러스),(주)키토라이프,,45154,7,정상,"폴리에틸렌필름,탈지면,접착제,부직포,고분자흡수지",,신고,수입,중국
202302438,엔젤문생리대(데이 플러스),(주)키토라이프,,45154,6,정상,"폴리에틸렌필름,탈지면,접착제,부직포,고분자흡수지",,신고,수입,중국
202302437,엔젤문생리대(팬티라이너 플러스),(주)키토라이프,,45154,5,정상,"폴리에틸렌필름,탈지면,접착제,부직포,고분자흡수지",,신고,수입,중국
201606744,엘리스순수감촉날개형소형생리대,에리에르인터내셔널코리아(주),,42698,16,정상,"포장용폴리에틸렌필름,접착제(2),부직포,고분자흡수지(순수감촉WS)",의약외품,신고,수입,일본
201606742,엘리스순수감촉날개형대형생리대,에리에르인터내셔널코리아(주),,42698,14,정상,"폴리우레탄사(흰색),포장용폴리에틸렌필름,고분자흡수지(순수감촉WL),부직포,접착제(1)",의약외품,신고,수입,일본
201606741,엘리스순수감촉일반형소형생리대,에리에르인터내셔널코리아(주),,42698,13,정상,"포장용폴리에틸렌필름,고분자흡수지(순수감촉SS),접착제(2),부직포",의약외품,신고,수입,일본
201606743,엘리스순수감촉일반형대형생리대,에리에르인터내셔널코리아(주),,42698,15,정상,"폴리우레탄사(흰색),포장용폴리에틸렌필름,고분자흡수지(순수감촉SL),부직포,접착제(1)",의약외품,신고,수입,일본
201005519,엘사노블레스면생리대,로한,,40431,5006,정상,"면편물,폴리우레탄 필름",의약외품,허가,제조,
201003832,엘사프리미엄면생리대,로한,,40330,5005,정상,"면편물,폴리에스터직물",의약외품,허가,제조,
202202355,여우별엑티브커버팬티형생리대중형,주식회사나비잠,,44719,3,정상,"폴리우레탄섬유,아크릴산·아크릴산나트륨공중합체,폴리에틸렌필름,구조용핫멜트접착제,엘라스틱핫멜트접착제,면상펄프,부직포",,허가,수입,중국
202202356,여우별엑티브커버팬티형생리대대형,주식회사나비잠,,44719,4,정상,"폴리우레탄섬유,아크릴산·아크릴산나트륨공중합체,폴리에틸렌필름,구조용핫멜트접착제,엘라스틱핫멜트접착제,면상펄프,부직포",,허가,수입,중국
202107851,여우별팬티형생리대대형,주식회사나비잠,,44538,1,정상,"폴리우레탄섬유,폴리프로필렌부직포(회색무늬),폴리에틸렌필름,구조용핫멜트접착제,엘라스틱핫멜트접착제,면상펄프,고흡수시트,부직포",,허가,수입,중국
202107852,여우별팬티형생리대중형,주식회사나비잠,,44538,2,정상,"폴리프로필렌부직포(청색무늬),폴리우레탄섬유,폴리에틸렌필름,구조용핫멜트접착제,엘라스틱핫멜트접착제,면상펄프,고흡수시트,부직포",,허가,수입,중국
202201057,여우비생리대대형,(주)보람씨앤에치,"Boram C&H., Ltd.",44635,5415,정상,"아크릴산·아크릴산나트륨공중합체,흡수지,면상펄프,열 용융형 접착제(고정용),순면부직포,열 용융형 접착제(구조용),부직포,통기성방수용합성수지필름",,신고,제조,
202201056,여우비생리대중형,(주)보람씨앤에치,"Boram C&H., Ltd.",44635,5414,정상,"아크릴산아크릴산나트륨공중합체,흡수지,면상펄프,열 용융형 접착제(고정용),순면부직포,열 용융형 접착제(구조용),부직포,통기성방수용합성수지필름",,신고,제조,
201801760,연생리대대형,(주)제이투엘에프에이,J2LFA,43215,24,정상,"아크릴산아크릴산나트륨공중합체,통기성방수용폴리에틸렌필름,흡수지,부직포,핫멜트접착제",의약외품,신고,수입,중국
201801761,연생리대오버나이트,(주)제이투엘에프에이,J2LFA,43215,25,정상,"아크릴산아크릴산나트륨공중합체,통기성방수용폴리에틸렌필름,흡수지,부직포,핫멜트접착제",의약외품,신고,수입,중국
201801759,연생리대중형,(주)제이투엘에프에이,J2LFA,43215,23,정상,"아크릴산아크릴산나트륨공중합체,통기성방수용폴리에틸렌필름,흡수지,부직포,핫멜트접착제",의약외품,신고,수입,중국
201803445,"오늘그날면생리대(소형,중형,대형,오버나이트형)",(주)장성,,43339,30,정상,"면사,폴리에틸렌필름,탈지면,면사(무늬)",의약외품,허가,수입,베트남
201804013,오늘순면생리대대형,코오롱제약(주),KOLON PHARMA,43385,2,정상,"접착제(TECHNOMELT DM 2879),폴리에틸렌필름,흡수지,면상펄프,아쿠아키프,순면부직포,접착제(DF 7063),부직포",의약외품,신고,제조,
201804016,오늘순면생리대소형,코오롱제약(주),KOLON PHARMA,43385,5,정상,"접착제(TECHNOMELT DM 2879),폴리에틸렌필름,흡수지,면상펄프,아쿠아키프,순면부직포,접착제(DF 7063),부직포",의약외품,신고,제조,
201804015,오늘순면생리대오버나이트슈퍼롱,코오롱제약(주),KOLON PHARMA,43385,4,정상,"폴리에틸렌필름,흡수지,접착제(CHM-1836AZP),면상펄프,아쿠아키프,순면부직포,부직포,접착제(CHM-1895AZP)",의약외품,신고,제조,
201804014,오늘순면생리대중형,코오롱제약(주),KOLON PHARMA,43385,3,정상,"접착제(TECHNOMELT DM 2879),폴리에틸렌필름,흡수지,면상펄프,아쿠아키프,순면부직포,접착제(DF 7063),부직포",의약외품,신고,제조,
202107065,오로라생리대대형,(주)보람씨앤에치,"Boram C&H., Ltd.",44490,5393,정상,"고분자흡수시트부직포,열 용융형 접착제(고정용),순면부직포,열 용융형 접착제(구조용),부직포,통기성방수용합성수지필름",,신고,제조,
202107064,오로라생리대중형,(주)보람씨앤에치,"Boram C&H., Ltd.",44490,5392,정상,"고분자흡수시트부직포,열 용융형 접착제(고정용),순면부직포,열 용융형 접착제(구조용),부직포,통기성방수용합성수지필름",,신고,제조,
202107752,오로라순면생리대대형,(주)보람씨앤에치,"Boram C&H., Ltd.",44531,5398,정상,"고분자흡수시트부직포,열 용융형 접착제(고정용),순면부직포,열 용융형 접착제(구조용),부직포,통기성방수용합성수지필름",,신고,제조,
202107751,오로라순면생리대중형,(주)보람씨앤에치,"Boram C&H., Ltd.",44531,5397,정상,"고분자흡수시트부직포,열 용융형 접착제(고정용),순면부직포,열 용융형 접착제(구조용),부직포,통기성방수용합성수지필름",,신고,제조,
202201908,오씨본생리대(대형),(주)제이투엘오에이치,,44691,17,정상,"통기성방수용폴리에틸렌필름,핫멜트접착제(테크노멜트DF6603U),흡수지,핫멜트접착제(테크노멜트DM2883U),순면부직포,고분자흡수지",,신고,수입,중국
202201907,오씨본생리대(오버나이트),(주)제이투엘오에이치,,44691,16,정상,"통기성방수용폴리에틸렌필름,핫멜트접착제(테크노멜트DF6603U),흡수지,핫멜트접착제(테크노멜트DM2883U),순면부직포,고분자흡수지",,신고,수입,중국
202201906,오씨본생리대(중형),(주)제이투엘오에이치,,44691,15,정상,"통기성방수용폴리에틸렌필름,핫멜트접착제(테크노멜트DF6603U),흡수지,핫멜트접착제(테크노멜트DM2883U),순면부직포,고분자흡수지",,신고,수입,중국
201205465,오씨본울트라슬림생리대(대형),(주)제이투엘오에이치,,41068,4,정상,"면부직포,핫멜트접착제(SANICARE7354),아크릴산아크릴산나트륨공중합체,흡수지,면상펄프,폴리에칠렌필름(투습성방수층)",의약외품,신고,수입,중국
201205464,오씨본울트라슬림생리대(중형),(주)제이투엘오에이치,,41068,3,정상,"면부직포,핫멜트접착제(SANICARE7354),아크릴산아크릴산나트륨공중합체,흡수지,면상펄프,폴리에칠렌필름(투습성방수층)",의약외품,신고,수입,중국
202200133,오씨본울트라슬림생리대(소형),(주)제이투엘오에이치,,44568,14,정상,"통기성방수용폴리에틸렌필름,핫멜트접착제(테크노멜트DF6603U),흡수지,핫멜트접착제(테크노멜트DM2883U),순면부직포,고분자흡수지",,신고,수입,중국
201205466,오씨본울트라슬림생리대(오버나이트),(주)제이투엘오에이치,,41068,5,정상,"면부직포,핫멜트접착제(SANICARE7354),아크릴산아크릴산나트륨공중합체,흡수지,면상펄프,폴리에칠렌필름(투습성방수층)",의약외품,신고,수입,중국
201902244,오즈팬티형생리대,꿈과소나무,,43567,10,정상,"아크릴산·아크릴산나트륨공중합체,폴리우레탄사(분홍색68),폴리에틸렌필름,핫멜트접착제(TECHNOMELG DM2885U),폴리우레탄사(흰색68),폴리우레탄사(흰색104),핫멜트접착제(HY878U),부직포,폴리우레탄사(흰색86)",,허가,수입,중국
201707980,오즈프로생리대대형,꿈과소나무,,43060,2,정상,"폴리에틸렌필름(표지용),흡수지,면상펄프,아쿠아키프,핫멜트접착제(TECHNOMELT DM 2883U),핫멜트접착제(TECHNOMELT DF 6602U),부직포",,신고,수입,중국
201707979,오즈프로생리대중형,꿈과소나무,,43060,1,정상,"폴리에틸렌필름(표지용),흡수지,면상펄프,아쿠아키프,접착제 핫멜트접착제(TECHNOMELT DF 6602U),접착제 핫멜트접착제(TECHNOMELT DM 2883U),부직포",,신고,수입,중국
201900661,온리프라이스순면생리대중형,깨끗한나라(주),"KLEANNARA CO., LTD.",43490,278,정상,"흡수지,부직포(시어버터코팅),면상펄프,순면부직포,스틸렌부타디엔공중합체,부직포,폴리에틸렌필름(투습성방수층)",의약외품,신고,제조,
201900663,온리프라이스순면생리대오버나이트,깨끗한나라(주),"KLEANNARA CO., LTD.",43490,280,정상,"흡수지,부직포(시어버터코팅),면상펄프,순면부직포,스틸렌부타디엔공중합체,부직포,폴리에틸렌필름(투습성방수층)",의약외품,신고,제조,
201900662,온리프라이스순면생리대대형,깨끗한나라(주),"KLEANNARA CO., LTD.",43490,279,정상,"흡수지,부직포(시어버터코팅),면상펄프,순면부직포,스틸렌부타디엔공중합체,부직포,폴리에틸렌필름(투습성방수층)",의약외품,신고,제조,
202200061,올담시그니처생리대대형,(주)보람씨앤에치,"Boram C&H., Ltd.",44565,5405,정상,"폴리에틸렌필름B,순면흡수시트,열 용융형 접착제(고정용),순면부직포,열 용융형 접착제(구조용)",,허가,제조,
202200060,올담시그니처생리대중형,(주)보람씨앤에치,"Boram C&H., Ltd.",44565,5404,정상,"폴리에틸렌필름B,순면흡수시트,열 용융형 접착제(고정용),순면부직포,열 용융형 접착제(구조용)",,허가,제조,
202201995,와인골드프리미엄생리대중형,주식회사청아뷰티앤헬스,,44693,98,정상,"흡수지,열용융접착제(CHM-1836AZP),순면부직포,열용융접착제(CHM-1895AZP),부직포,고분자흡수지,통기성방수용합성수지필름",,신고,제조,
201505195,"은지순면날개형생리대(특대형, 대형, 중형, 소형)(수출용)",(주)신화제약,,42216,5046,정상,"폴리에틸렌필름(표지용),열용융접착제(6201),흡수지,오배자/고삼/황백/백반/사상자추출물,부직포,고분자흡수지",의약외품,신고,제조,
202106571,은지울트라소프트데이날개형롱팩생리대(수출용),주식회사 킹톱스,.,44455,9,정상,"폴리에틸렌필름,흡수지,면상펄프,부직포,핫멜트접착제",,신고,제조,
202106570,은지울트라소프트오버나이트롱팩생리대(수출용),주식회사 킹톱스,.,44455,8,정상,"폴리에틸렌필름,흡수지,면상펄프,부직포,핫멜트접착제",,신고,제조,
202106402,은지울트라슬림데이날개형롱팩생리대(수출용),주식회사 킹톱스,.,44446,6,정상,"폴리에틸렌필름,흡수지,면상펄프,부직포,핫멜트접착제",,신고,제조,
201505193,"은지울트라슬림생리대(대형, 중형)(수출용)",(주)신화제약,,42216,5044,정상,"폴리에틸렌필름(표지용),열용융접착제(6201),흡수지,오배자/고삼/황백/백반/사상자추출물,부직포,고분자흡수지",의약외품,신고,제조,
202106403,은지울트라슬림오버나이트날개형롱팩생리대(수출용),주식회사 킹톱스,.,44446,7,정상,"폴리에틸렌필름,흡수지,면상펄프,부직포,핫멜트접착제",,신고,제조,
202202236,이너시아더프리즘생리대중형,(주)보람씨앤에치,"Boram C&H., Ltd.",44705,5435,정상,"폴리에틸렌필름,순면흡수시트,열 용융형 접착제(고정용),순면부직포,부직포CMC,열 용융형 접착제(구조용)",,신고,제조,
202202068,이너시아더프리즘생리대대형,(주)보람씨앤에치,"Boram C&H., Ltd.",44698,5434,정상,"폴리에틸렌필름,순면흡수시트,열 용융형 접착제(고정용),순면부직포,부직포CMC,열 용융형 접착제(구조용)",,신고,제조,
202202005,이너시아에이생리대중형,(주)보람씨앤에치,"Boram C&H., Ltd.",44694,5433,정상,"흡수지,면상펄프,열 용융형 접착제(고정용),순면부직포,열 용융형 접착제(구조용),부직포,통기성방수용합성수지필름",,신고,제조,
202202004,이너시아에프생리대중형,(주)보람씨앤에치,"Boram C&H., Ltd.",44694,5432,정상,"고분자흡수시트합지부직포,흡수지,열 용융형 접착제(고정용),순면부직포,열 용융형 접착제(구조용),부직포,통기성방수용합성수지필름",,신고,제조,
202203098,이브네비오대형생리대,(주)보람씨앤에치,"Boram C&H., Ltd.",44769,5452,정상,"흡수지,면상펄프,열 용융형 접착제(고정용),열 용융형 접착제(구조용),부직포,통기성방수용합성수지필름",,신고,제조,
202203097,이브네비오중형생리대,(주)보람씨앤에치,"Boram C&H., Ltd.",44769,5451,정상,"흡수지,면상펄프,열 용융형 접착제(고정용),열 용융형 접착제(구조용),부직포,통기성방수용합성수지필름",,신고,제조,
202203006,이브네유순대형생리대,(주)보람씨앤에치,"Boram C&H., Ltd.",44762,5447,정상,"흡수지,면상펄프,열 용융형 접착제(고정용),순면부직포,열 용융형 접착제(구조용),부직포,통기성방수용합성수지필름",,신고,제조,
202203005,이브네유순중형생리대,(주)보람씨앤에치,"Boram C&H., Ltd.",44762,5446,정상,"흡수지,면상펄프,열 용융형 접착제(고정용),순면부직포,열 용융형 접착제(구조용),부직포,통기성방수용합성수지필름",,신고,제조,
201908264,이존생리대대형날개형,㈜세한,,43804,76,정상,"열용융형접착제2(DF7063),폴리에틸렌필름,면상펄프,레이온부직포,열용융형접착제1(DM2879),부직포",,허가,제조,
201908263,이존생리대중형날개형,㈜세한,,43804,75,정상,"열용융형접착제2(DF7063),폴리에틸렌필름,면상펄프,레이온부직포,열용융형접착제1(DM2879),부직포",,허가,제조,
200903873,이채로하스면생리대,로한,,39965,8,정상,"면편물,폴리에스터직물",의약외품,허가,제조,
200708250,이채면생리대롱,로한,,39279,3,정상,"면편물,폴리에스터직물",의약외품,허가,제조,
200707952,이채면생리대미니,로한,,39273,1,정상,"면편물,폴리에스터직물",의약외품,허가,제조,
200708251,이채면생리대미디움,로한,,39279,4,정상,"면편물,폴리에스터직물",의약외품,허가,제조,
200708252,이채면생리대빅,로한,,39279,5,정상,"면편물,폴리에스터직물",의약외품,허가,제조,
201207239,"이채쑥염색날개형면생리대(슬림, 레귤러, 라지, 오버나이트, 특오버나이트)",로한,,41194,5012,정상,"면편물,폴리우레탄필름,쑥염색된면편물,면직물",의약외품,허가,제조,
201207238,"이채쑥염색일체형면생리대(슬림, 레귤러, 라지, 오버나이트, 특오버나이트)",로한,,41194,5011,정상,"면편물,폴리우레탄필름,쑥염색된면편물,면직물",의약외품,허가,제조,
200908815,"이채플라워면생리대(소형,중형,대형,오버나이트,특오버나이트)",로한,,40161,12,정상,"면편물,폴리우레탄필름,면직물",의약외품,허가,제조,
201605078,잇츠마인 생리대,(주)씨엔피코리아하이진,,42607,1,정상,"핫멜트접착제(TECHNOMELT DM 2802U),커피원두분말 고분자흡수지,폴리에틸렌필름,면상펄프,부직포",의약외품,허가,수입,중국
201606784,잇츠마인생리대(대형),(주)씨엔피코리아하이진,,42702,2,정상,"핫멜트접착제(TECHNOMELT DM 2802U),커피원두분말 고분자흡수지,폴리에틸렌필름,면상펄프,부직포",,허가,수입,중국
201802424,잇츠마인에스생리대대형,(주)씨엔피코리아하이진,,43263,6,정상,"핫멜트접착제(TECHNOMELT DM 2802U),커피원두분말 고분자흡수지,폴리에틸렌필름,면상펄프,부직포",,허가,수입,중국
201805045,잇츠마인에스생리대오버나이트,(주)씨엔피코리아하이진,,43446,9,정상,"핫멜트접착제(TECHNOMELT DM 2802U),커피원두분말 고분자흡수지,폴리에틸렌필름,면상펄프,부직포",의약외품,허가,수입,중국
201802423,잇츠마인에스생리대중형,(주)씨엔피코리아하이진,,43263,5,정상,"핫멜트접착제(TECHNOMELT DM 2802U),커피원두분말 고분자흡수지,폴리에틸렌필름,면상펄프,부직포",,허가,수입,중국
202003809,자주내추럴생리대대형,(주)에스에스케이,"SSK Co., Ltd.",43977,135,정상,"접착제(TECHNOMELT DM 2879),폴리에틸렌필름,흡수지,면상펄프,순면부직포,접착제(DF 7063),부직포",,신고,제조,
202003808,자주내추럴생리대중형,(주)에스에스케이,"SSK Co., Ltd.",43977,134,정상,"접착제(TECHNOMELT DM 2879),폴리에틸렌필름,흡수지,면상펄프,순면부직포,접착제(DF 7063),부직포",,신고,제조,
201900010,자주바른생리대대형,(주)보람씨앤에치,"Boram C&H., Ltd.",43467,5186,정상,"면상펄프,열 용융형 접착제(고정용),순면부직포,열 용융형 접착제(구조용),부직포,통기성방수용합성수지필름",의약외품,신고,제조,
201900009,자주바른생리대중형,(주)보람씨앤에치,"Boram C&H., Ltd.",43467,5185,정상,"면상펄프,열 용융형 접착제(고정용),순면부직포,열 용융형 접착제(구조용),부직포,통기성방수용합성수지필름",의약외품,신고,제조,
202003891,자주슬림생리대대형,(주)에스에스케이,"SSK Co., Ltd.",43978,137,정상,"접착제(TECHNOMELT DM 2879),고분자흡수시트합지부직포,폴리에틸렌필름,순면부직포,접착제(DF 7063),부직포",,신고,제조,
202003892,자주슬림생리대슈퍼롱,(주)에스에스케이,"SSK Co., Ltd.",43978,138,정상,"폴리에틸렌필름,흡수지,면상펄프,아쿠아키프,순면부직포,부직포,접착제(CHM1836AZP),접착제(CHM-1895AZP)",,신고,제조,
202003890,자주슬림생리대중형,(주)에스에스케이,"SSK Co., Ltd.",43978,136,정상,"접착제(TECHNOMELT DM 2879),고분자흡수시트합지부직포,폴리에틸렌필름,순면부직포,접착제(DF 7063),부직포",,신고,제조,
202007245,"자주코튼생리대(소형,중형,대형,오버나이트형,특대오버나이트형)",(주)지앤이헬스케어,,44126,10,정상,"면직물/폴리우레탄필름,면직물(겉표지),흡수제용면직물,면직물,플라스틱단추",,허가,수입,베트남
201900188,"장성면거즈생리대(소형,중형,대형,오버나이트형)",(주)장성,,43481,22,정상,"면사,폴리에틸렌필름,탈지면,면사(무늬)",의약외품,허가,제조,베트남
201903369,저스트마이데이생리대중형,(주)보람씨앤에치,"Boram C&H., Ltd.",43608,5261,정상,"순면흡수시트,열 용융형 접착제(고정용),순면부직포,열 용융형 접착제(구조용),통기성방수용합성수지필름",,허가,제조,
202200382,저스트마이데이생리대소형,(주)보람씨앤에치,"Boram C&H., Ltd.",44585,5408,정상,"순면흡수시트,열 용융형 접착제(고정용),순면부직포,열 용융형 접착제(구조용),통기성방수용합성수지필름",,허가,제조,
201903368,저스트마이데이생리대대형,(주)보람씨앤에치,"Boram C&H., Ltd.",43608,5260,정상,"순면흡수시트,열 용융형 접착제(고정용),순면부직포,열 용융형 접착제(구조용),통기성방수용합성수지필름",,허가,제조,
201310462,제이투엘본생리대(소형),(주)제이투엘에프에이,J2LFA,41611,11,정상,"폴리에틸렌필름(표지용),핫멜트접착제(SANICARE7354),아크릴산아크릴산나트륨공중합체,흡수지,부직포",의약외품,신고,수입,중국
201803585,젬무브퀸밤부생리대대형,(주)성원티엔지,,43346,15,정상,"폴리에틸렌필름(표지용),흡수지,핫멜트(TECHNOMELT DF 7063),고흡수시트,부직포,핫멜트(TECHNOMELT DM COOL 2802)",의약외품,신고,제조,
201803586,젬무브퀸밤부생리대중형,(주)성원티엔지,,43346,16,정상,"폴리에틸렌필름(표지용),흡수지,핫멜트(TECHNOMELT DF 7063),고흡수시트,부직포,핫멜트(TECHNOMELT DM COOL 2802)",의약외품,신고,제조,
201201318,참좋은쑥염색날개형면생리대,로한,,40973,5009,정상,"면편물,폴리우레탄필름,쑥염색된면편물",의약외품,허가,제조,
201206519,"참좋은쑥염색일체형면생리대(슬림, 레귤러, 라지, 오버나이트, 특오버나이트)",로한,,41142,5010,정상,"면편물,폴리우레탄필름,쑥염색 면편물",의약외품,허가,제조,
201708566,"천사맘면날개형생리대(소형, 중형, 오버나이트)",(주)송지,,43095,1,정상,"폴리우레탄필름,면직물,레이온면혼방직물",,허가,제조,
202201685,체레미마카순면커버생리대슈퍼롱오버나이트,(주)에스에스케이,"SSK Co., Ltd.",44676,203,정상,"열용융접착제CD,폴리에틸렌필름,열용융접착제PC,흡수지,면상펄프,아쿠아키프,순면부직포,부직포",,신고,제조,
202201686,체레미마카순면커버생리대대형,(주)에스에스케이,"SSK Co., Ltd.",44676,204,정상,"열용융접착제CB,폴리에틸렌필름,열용융접착제PA,흡수지,면상펄프,아쿠아키프,순면부직포,부직포",,신고,제조,
202201687,체레미마카순면커버생리대중형,(주)에스에스케이,"SSK Co., Ltd.",44676,205,정상,"열용융접착제CB,폴리에틸렌필름,열용융접착제PA,흡수지,면상펄프,아쿠아키프,순면부직포,부직포",,신고,제조,
201903576,초이스엘자연순면생리대대형,(주)웰크론헬스케어,,43615,230,정상,"폴리에틸렌필름,핫멜트(TECHNOMELT DF 7063),순면부직포,핫멜트(TECHNOMELT DM 2879),부직포",,신고,제조,
201903575,초이스엘자연순면생리대중형,(주)웰크론헬스케어,,43615,229,정상,"폴리에틸렌필름,핫멜트(TECHNOMELT DF 7063),순면부직포,핫멜트(TECHNOMELT DM 2879),부직포",,신고,제조,
202108180,치유비속까지순면생리대중형,(주)보람씨앤에치,"Boram C&H., Ltd.",44559,5403,정상,"폴리에틸렌필름B,순면흡수시트,열 용융형 접착제(고정용),순면부직포,열 용융형 접착제(구조용)",,허가,제조,
202108179,치유비속까지순면생리대대형,(주)보람씨앤에치,"Boram C&H., Ltd.",44559,5402,정상,"폴리에틸렌필름B,순면흡수시트,열 용융형 접착제(고정용),순면부직포,열 용융형 접착제(구조용)",,허가,제조,
202302335,치유비자연감촉생리대중형,(주)에스에스케이,"SSK Co., Ltd.",45142,227,정상,"열용융접착제CB,열용융접착제PA,흡수지,폴리에틸렌필름A,면상펄프,순면부직포,부직포",,허가,제조,
202302336,치유비자연감촉생리대대형,(주)에스에스케이,"SSK Co., Ltd.",45142,228,정상,"열용융접착제CB,열용융접착제PA,흡수지,폴리에틸렌필름A,면상펄프,순면부직포,부직포",,허가,제조,
202300500,케이프리소프트데일리생리대(수출용),주식회사 킹톱스,.,44966,13,정상,"폴리에틸렌필름,흡수지,면상펄프,부직포,핫멜트접착제",,신고,제조,
202300499,케이프리소프트미니생리대(수출용),주식회사 킹톱스,.,44966,12,정상,"폴리에틸렌필름,흡수지,면상펄프,부직포,핫멜트접착제",,신고,제조,
202300498,케이프리소프트오버나이트생리대(수출용),주식회사 킹톱스,.,44966,11,정상,"폴리에틸렌필름,흡수지,면상펄프,부직포,핫멜트접착제",,신고,제조,
201907475,코지앤생리대오버나이트,(주)업드림코리아,,43766,5,정상,"아크릴산·아크릴산나트륨공중합체,폴리에틸렌필름,스티렌부타디엔공중합체,흡수지,면상펄프,부직포",,신고,수입,중국
201907476,코지앤생리대중형,(주)업드림코리아,,43766,6,정상,"아크릴산·아크릴산나트륨공중합체,폴리에틸렌필름,스티렌부타디엔공중합체,흡수지,면상펄프,부직포",,신고,수입,중국
201907474,코지앤생리대팬티라이너,(주)업드림코리아,,43766,4,정상,"폴리에틸렌필름,스티렌부타디엔공중합체,면상펄프,부직포",,신고,수입,중국
201708052,코텍스좋은느낌입는오버나이트팬티형생리대중형에스,유한킴벌리(주),Yuhan Kimberly,43062,5331,정상,"폴리우레탄섬유(Creora 560D),부직포/탄성중합체B,폴리우레탄섬유(Creora 840D),흡수지,부직포H,면상펄프,부직포YD,접착제(DM743U),엘라스틱 접착제,폴리에틸렌필름W-B,부직포",의약외품,허가,제조,
201708051,코텍스좋은느낌입는오버나이트팬티형생리대대형에스,유한킴벌리(주),Yuhan Kimberly,43062,5330,정상,"폴리우레탄섬유(Creora 560D),부직포/탄성중합체B,폴리우레탄섬유(Creora 840D),흡수지,부직포H,면상펄프,부직포YD,접착제(DM743U),엘라스틱 접착제,폴리에틸렌필름W-B,부직포",의약외품,허가,제조,
201702328,코텍스좋은느낌입는오버나이트팬티형생리대중형,유한킴벌리(주),Yuhan Kimberly,42866,5295,정상,"폴리우레탄섬유(Creora 560D),부직포T,폴리아크릴산나트륨가교체(LK-501),폴리우레탄섬유(Creora 840D),흡수지,부직포H,면상펄프,부직포/탄성중합체II,접착제(DM743U),엘라스틱 접착제,폴리에틸렌필름W-B,부직포",의약외품,허가,제조,
201702330,코텍스좋은느낌입는오버나이트팬티형생리대대형,유한킴벌리(주),Yuhan Kimberly,42866,5297,정상,"폴리우레탄섬유(Creora 560D),부직포T,폴리아크릴산나트륨가교체(LK-501),폴리우레탄섬유(Creora 840D),흡수지,부직포H,면상펄프,부직포/탄성중합체II,접착제(DM743U),엘라스틱 접착제,폴리에틸렌필름W-B,부직포",의약외품,허가,제조,
201702329,코텍스화이트입는오버나이트팬티형생리대대형,유한킴벌리(주),Yuhan Kimberly,42866,5296,정상,"폴리우레탄섬유(Creora 560D),부직포/탄성중합체III,폴리아크릴산나트륨가교체(LK-501),폴리우레탄섬유(Creora 840D),흡수지,부직포H,면상펄프,접착제(DM743U),엘라스틱 접착제,폴리에틸렌필름W-B,부직포",의약외품,허가,제조,
201702327,코텍스화이트입는오버나이트팬티형생리대중형,유한킴벌리(주),Yuhan Kimberly,42866,5294,정상,"폴리우레탄섬유(Creora 560D),부직포/탄성중합체III,폴리아크릴산나트륨가교체(LK-501),폴리우레탄섬유(Creora 840D),흡수지,부직포H,면상펄프,접착제(DM743U),엘라스틱 접착제,폴리에틸렌필름W-B,부직포",의약외품,허가,제조,
201708054,코텍스화이트입는오버나이트팬티형생리대대형에스(수출용),유한킴벌리(주),Yuhan Kimberly,43062,5333,정상,"폴리우레탄섬유(Creora 560D),열용융형접착제E,열용융형접착제C,폴리우레탄섬유(Creora 840D),흡수지,부직포H,부직포/탄성중합체A,면상펄프,폴리에틸렌필름W-B,부직포",의약외품,허가,제조,
201708053,코텍스화이트입는오버나이트팬티형생리대중형에스(수출용),유한킴벌리(주),Yuhan Kimberly,43062,5332,정상,"폴리우레탄섬유(Creora 560D),열용융형접착제E,열용융형접착제C,폴리우레탄섬유(Creora 840D),흡수지,부직포H,부직포/탄성중합체A,면상펄프,폴리에틸렌필름W-B,부직포",의약외품,허가,제조,
201702326,코텍스화이트입는오버나이트팬티형생리대중형(수출용),유한킴벌리(주),Yuhan Kimberly,42866,5293,정상,"폴리우레탄섬유(Creora 560D),폴리아크릴산나트륨가교체(LK-501),폴리우레탄섬유(Creora 840D),흡수지,부직포H,면상펄프,부직포/탄성중합체II,접착제(DM743U),엘라스틱 접착제,폴리에틸렌필름W-B,부직포",의약외품,허가,제조,
201702325,코텍스화이트입는오버나이트팬티형생리대대형(수출용),유한킴벌리(주),Yuhan Kimberly,42866,5292,정상,"폴리우레탄섬유(Creora 560D),폴리아크릴산나트륨가교체(LK-501),폴리우레탄섬유(Creora 840D),흡수지,부직포H,면상펄프,부직포/탄성중합체II,접착제(DM743U),엘라스틱 접착제,폴리에틸렌필름W-B,부직포",의약외품,허가,제조,
200907844,코튼리퍼블릭내추럴면생리대,(주)코튼리퍼블릭,,40119,59,정상,"면편물,폴리에스터직물",의약외품,허가,제조,
201005628,코튼리퍼블릭내추럴특오버나이트면생리대,(주)코튼리퍼블릭,,40438,64,정상,"면편물,폴리우레탄 필름",의약외품,허가,제조,
201102327,"코튼리퍼블릭내추럴황토염색면생리대(소형, 중형, 대형, 오버나이트, 특대나이트)",(주)코튼리퍼블릭,,40651,66,정상,"면편물,폴리우레탄 필름,황토염색된 면편물",의약외품,허가,제조,
200907843,코튼리퍼블릭면생리대,(주)코튼리퍼블릭,,40119,58,정상,"면편물,폴리에스터직물",의약외품,허가,제조,
201001456,코튼리퍼블릭슬림라인면생리대,(주)코튼리퍼블릭,,40225,60,정상,"면편물,폴리우레탄 필름",의약외품,허가,제조,
200906059,코튼리퍼블릭에뿌제내추럴면생리대,(주)코튼리퍼블릭,,40024,57,정상,"면편물,폴리에스터직물",의약외품,허가,제조,
201005629,코튼리퍼블릭에뿌제면생리대,(주)코튼리퍼블릭,,40438,65,정상,"면편물,폴리우레탄 필름",의약외품,허가,제조,
201002492,코튼리퍼블릭프리미엄면생리대(날개형),(주)코튼리퍼블릭,,40270,62,정상,"면편물,폴리우레탄 필름",의약외품,허가,제조,
201202757,"코튼리퍼블릭프리미엄쑥염색면생리대(소형,중형,대형,오버나이트)",(주)코튼리퍼블릭,,41008,68,정상,"면편물,폴리우레탄필름,쑥염색된면편물",의약외품,허가,제조,
201202756,코튼리퍼블릭프리미엄숯염색면생리대,(주)코튼리퍼블릭,,41008,67,정상,"면편물,폴리우레탄필름,숯염색된 면편물",의약외품,허가,제조,
202103682,쿤달소프트코튼생리대중형,주식회사 대한바이오팜,,44322,124,정상,"폴리에틸렌필름,핫멜트(TECHNOMELT DF 7063),순면부직포,핫멜트(TECHNOMELT DM 2879),부직포",,신고,제조,
202103683,쿤달소프트코튼생리대대형,주식회사 대한바이오팜,,44322,125,정상,"폴리에틸렌필름,핫멜트(TECHNOMELT DF 7063),순면부직포,핫멜트(TECHNOMELT DM 2879),부직포",,신고,제조,
202107488,쿤달시그니처소프트코튼생리대대형,(주)서림,,44515,5074,정상,"폴리에틸렌필름,흡수지,핫멜트점착제(열용융형점착제(고정용)),면상펄프,순면부직포,부직포,핫멜트점착제(열용융형점착제(구조용))",,허가,제조,
202107487,쿤달시그니처소프트코튼생리대중형,(주)서림,,44515,5073,정상,"폴리에틸렌필름,흡수지,핫멜트점착제(열용융형점착제(고정용)),면상펄프,순면부직포,부직포,핫멜트점착제(열용융형점착제(구조용))",,허가,제조,
201901461,퀸비패드면생리대대형,(주)퀸비스토어,Queenbee store,43535,2,정상,"면기모,황동단추,면직물(무늬)",,허가,제조,
201901463,퀸비패드면생리대라이너,(주)퀸비스토어,Queenbee store,43535,4,정상,"면기모,황동단추,면직물(무늬)",,허가,제조,
201901460,퀸비패드면생리대중형,(주)퀸비스토어,Queenbee store,43535,1,정상,"면기모,황동단추,면직물(무늬)",,허가,제조,
201901462,퀸비패드면생리대특대형,(주)퀸비스토어,Queenbee store,43535,3,정상,"면기모,황동단추,면직물(무늬)",,허가,제조,
201900095,킨코우내추럴슬림코튼생리대대형,(주)에스에스케이,"SSK Co., Ltd.",43474,80,정상,"접착제(TECHNOMELT DM COOL 2802),폴리에틸렌필름,흡수지,면상펄프,순면부직포,접착제(DF 7063),부직포",의약외품,신고,제조,
201900096,킨코우내추럴슬림코튼생리대중형,(주)에스에스케이,"SSK Co., Ltd.",43474,81,정상,"접착제(TECHNOMELT DM COOL 2802),폴리에틸렌필름,흡수지,면상펄프,순면부직포,접착제(DF 7063),부직포",의약외품,신고,제조,
202302208,탄티생리대대형(수출용),중원주식회사,,45127,5160,정상,"폴리에틸렌필름C1,흡수지,폴리아크릴산나트륨,면상펄프,열용융접착제B1,부직포,열용융접착제B2",,신고,제조,
202302206,탄티생리대소형(수출용),중원주식회사,,45127,5158,정상,"폴리에틸렌필름C1,흡수지,폴리아크릴산나트륨,면상펄프,열용융접착제B1,부직포,열용융접착제B2",,신고,제조,
202302210,탄티생리대슈퍼롱(수출용),중원주식회사,,45127,5162,정상,"폴리에틸렌필름C1,흡수지,폴리아크릴산나트륨,면상펄프,열용융접착제A2,열용융접착제B1,부직포",,신고,제조,
202302209,탄티생리대오버나이트(수출용),중원주식회사,,45127,5161,정상,"폴리에틸렌필름C1,흡수지,폴리아크릴산나트륨,면상펄프,열용융접착제A2,열용융접착제B1,부직포",,신고,제조,
202302207,탄티생리대중형(수출용),중원주식회사,,45127,5159,정상,"폴리에틸렌필름C1,흡수지,폴리아크릴산나트륨,면상펄프,열용융접착제B1,부직포,열용융접착제B2",,신고,제조,
202005055,탠저린슈퍼울트라슬림대형(생리대),주식회사청아뷰티앤헬스,,44026,32,정상,"고분자흡수제,열용융접착제(고정용),순면부직포,열용융접착제(구조용),부직포,통기성방수용합성수지필름",,신고,제조,
202203300,포근이슬면생리대대형,(사)여성과나눔보육콜센터,,44789,5020,정상,"면기모,폴리우레탄이도포된레이온직물(연분홍무늬),플라스틱단추,레이온면혼방직물",,허가,제조,
202203298,포근이슬면생리대소형,(사)여성과나눔보육콜센터,,44789,5018,정상,"면기모,폴리우레탄이도포된레이온직물(연분홍무늬),플라스틱단추,레이온면혼방직물",,허가,제조,
202203299,포근이슬면생리대중형,(사)여성과나눔보육콜센터,,44789,5019,정상,"면기모,폴리우레탄이도포된레이온직물(연분홍무늬),플라스틱단추,레이온면혼방직물",,허가,제조,
200907768,포웰면생리대대형,(주)우리에프앤비,,40114,2,정상,"폴리에스테르,면(20수),면(10수),면(40수트릴광목),활성탄",의약외품,허가,제조,
200907769,포웰면생리대중형,(주)우리에프앤비,,40114,1,정상,"폴리에스테르,면(20수),면(10수),면(40수트릴광목),활성탄",의약외품,허가,제조,
201703961,퓨어타임생리대대형,㈜세한,,42901,32,정상,"폴리에틸렌필름,고분자흡수시트,면상펄프,부직포,스티렌부타디엔블록코폴리머/하이드로게네이티드 폴리테르펜 점착제(DJ-100)",의약외품,신고,제조,
201703960,퓨어타임생리대중형,㈜세한,,42901,31,정상,"폴리에틸렌필름,고분자흡수시트,면상펄프,부직포,스티렌부타디엔블록코폴리머/하이드로게네이티드 폴리테르펜 점착제(DJ-100)",의약외품,신고,제조,
202102770,프레셔스프리미엄순면생리대오버나이트,(주)보람씨앤에치,"Boram C&H., Ltd.",44285,5354,정상,"아크릴산·아크릴산나트륨공중합체,흡수지,면상펄프,열 용융형 접착제(고정용),순면부직포,열 용융형 접착제(구조용),부직포,통기성방수용합성수지필름",,신고,제조,
202102772,프레셔스프리미엄순면생리대슬림중형,(주)보람씨앤에치,"Boram C&H., Ltd.",44285,5356,정상,"고분자흡수시트부직포,열 용융형 접착제(고정용),순면부직포,열 용융형 접착제(구조용),부직포,통기성방수용합성수지필름",,신고,제조,
202102773,프레셔스프리미엄순면생리대슬림대형,(주)보람씨앤에치,"Boram C&H., Ltd.",44285,5357,정상,"고분자흡수시트부직포,열 용융형 접착제(고정용),순면부직포,열 용융형 접착제(구조용),부직포,통기성방수용합성수지필름",,신고,제조,
201803423,"프리냅생리대(데이패드, 나이트패드, 오버나이트, 팬티패드, 입체형플러스)",(주)티케,"TYCHE Co., Ltd.",43334,24,정상,"아크릴산메틸메타아크릴산공중합체,폴리에틸렌필름,폴리아크릴산나트륨,박리지,활성탄,레이온스테이플면",,신고,수입,중국
201802425,프리데이즈플러스생리대대형,(주)씨엔피코리아하이진,,43263,7,정상,"핫멜트접착제(TECHNOMELT DM 2802U),에어레이드,커피원두분말 고분자흡수지,폴리에틸렌필름,부직포",,허가,수입,중국
201802426,프리데이즈플러스생리대중형,(주)씨엔피코리아하이진,,43263,8,정상,"핫멜트접착제(TECHNOMELT DM 2802U),에어레이드,커피원두분말 고분자흡수지,폴리에틸렌필름,부직포",,허가,수입,중국
201005918,핑크폭스면생리대,(주)지앤이헬스케어,,40457,7,정상,"흡수제용면직물,폴리우레탄코팅된면직물",의약외품,허가,제조,
202301287,하나로굿생리대대형,(주)웰크론헬스케어,,45035,291,정상,"폴리에틸렌필름,핫멜트(TECHNOMELT DF 7063),핫멜트(TECHNOMELT DM 2879),부직포,고분자흡수지",,신고,제조,
202301288,하나로굿생리대중형,(주)웰크론헬스케어,,45035,292,정상,"폴리에틸렌필름,핫멜트(TECHNOMELT DF 7063),핫멜트(TECHNOMELT DM 2879),부직포,고분자흡수지",,신고,제조,
202203413,하나유키퓨어데이생리대중형(수출용),(주)보람씨앤에치,"Boram C&H., Ltd.",44802,5455,정상,"유칼리프톨,고분자흡수시트합지부직포,흡수지,열 용융형 접착제(고정용),열 용융형 접착제(구조용),부직포,통기성방수용합성수지필름",,신고,제조,
202203412,하나유키퓨어데이생리대대형(수출용),(주)보람씨앤에치,"Boram C&H., Ltd.",44802,5454,정상,"유칼리프톨,아크릴산·아크릴산나트륨공중합체,흡수지,면상펄프,열 용융형 접착제(고정용),열 용융형 접착제(구조용),부직포,통기성방수용합성수지필름",,신고,제조,
202202383,하늘담생리대대형,별상회,,44720,1,정상,"아크릴산·아크릴산나트륨공중합체,흡수지,면상펄프,순면부직포,부직포,통기성방수용합성수지필름,핫멜트접착제",,신고,수입,중국
202202384,하늘담생리대중형,별상회,,44720,2,정상,"아크릴산·아크릴산나트륨공중합체,흡수지,면상펄프,순면부직포,부직포,통기성방수용합성수지필름,핫멜트접착제",,신고,수입,중국
201905382,하트박스순면생리대대형,중원주식회사,,43676,5036,정상,"폴리에틸렌필름,열용융접착제(TECHNOMELT DM 2879),흡수지,열용융접착제(TECHNOMELT DF 7063),면상펄프,순면부직포,부직포",,신고,제조,
201905383,하트박스순면생리대중형,중원주식회사,,43676,5037,정상,"폴리에틸렌필름,열용융접착제(TECHNOMELT DM 2879),흡수지,열용융접착제(TECHNOMELT DF 7063),면상펄프,순면부직포,부직포",,신고,제조,
201005880,"한나패드팬티형생리대(소형,중형,대형,울트라오버나이트)",(주)지앤이헬스케어,,40457,6,정상,"숯염색 면직물,면직물1,황토염색 면직물,면직물2",의약외품,허가,제조,
201908062,한라실업큐티면생리대,(주)한라실업,,43794,1,정상,"황동단추,면편직물,폴리우레탄필름,면직물",,허가,제조,
201804037,한울순면생리대대형,(주)웰크론헬스케어,,43388,211,정상,"고분자흡수지(하층),폴리에틸렌필름,고분자흡수지(상층),핫멜트(TECHNOMELT DF 7063),순면부직포,핫멜트(TECHNOMELT DM 2879),부직포",의약외품,신고,제조,
201804036,한울순면생리대중형,(주)웰크론헬스케어,,43388,210,정상,"고분자흡수지(하층),폴리에틸렌필름,고분자흡수지(상층),핫멜트(TECHNOMELT DF 7063),순면부직포,핫멜트(TECHNOMELT DM 2879),부직포",의약외품,신고,제조,
201708152,해피문데이생리대대형,(주)보람씨앤에치,"Boram C&H., Ltd.",43068,5108,정상,"폴리에틸렌필름(표지용),고분자 흡수시트 부직포,흡수지,핫멜트(TECHNOMELT DF 7063),순면부직포,핫멜트(TECHNOMELT DM 7038),부직포",의약외품,신고,제조,
201708151,해피문데이생리대오버나이트,(주)보람씨앤에치,"Boram C&H., Ltd.",43068,5107,정상,"폴리에틸렌필름(표지용),아크릴산·아크릴산나트륨공중합체,핫멜트(TECHNOMELT DF 7063),면상펄프,순면부직포,핫멜트(TECHNOMELT DM 7038),부직포",의약외품,신고,제조,
201708150,해피문데이생리대중형,(주)보람씨앤에치,"Boram C&H., Ltd.",43068,5106,정상,"폴리에틸렌필름(표지용),고분자 흡수시트 부직포,흡수지,핫멜트(TECHNOMELT DF 7063),순면부직포,핫멜트(TECHNOMELT DM 7038),부직포",의약외품,신고,제조,
201101284,"헤븐패드면생리대(슬림, 레귤러, 라지, 오버나이트, 특오버나이트)",로한,,40612,5008,정상,"면편물,폴리우레탄필름,면직물",의약외품,허가,제조,
202300731,헤이즈네이처대형생리대,(주)보람씨앤에치,"Boram C&H., Ltd.",44987,5475,정상,"순면흡수시트,열 용융형 접착제(고정용),순면부직포,열 용융형 접착제(구조용),통기성방수용합성수지필름",,허가,제조,
202300732,헤이즈네이처중형생리대,(주)보람씨앤에치,"Boram C&H., Ltd.",44987,5476,정상,"순면흡수시트,열 용융형 접착제(고정용),순면부직포,열 용융형 접착제(구조용),통기성방수용합성수지필름",,허가,제조,
202300733,헤이즈슬림핏대형생리대,(주)보람씨앤에치,"Boram C&H., Ltd.",44987,5477,정상,"열 용융형 접착제(고정용),순면부직포,열 용융형 접착제(구조용),부직포,통기성방수용합성수지필름",,허가,제조,
202300730,헤이즈슬림핏소형생리대,(주)보람씨앤에치,"Boram C&H., Ltd.",44987,5474,정상,"열 용융형 접착제(고정용),순면부직포,열 용융형 접착제(구조용),부직포,통기성방수용합성수지필름",,허가,제조,
202300735,헤이즈슬림핏중형생리대,(주)보람씨앤에치,"Boram C&H., Ltd.",44987,5478,정상,"열 용융형 접착제(고정용),순면부직포,열 용융형 접착제(구조용),부직포,통기성방수용합성수지필름",,허가,제조,
202204472,헤이즈웰핏대형생리대,(주)보람씨앤에치,"Boram C&H., Ltd.",44907,5466,정상,"흡수지,면상펄프,열 용융형 접착제(고정용),순면부직포,열 용융형 접착제(구조용),부직포,통기성방수용합성수지필름",,신고,제조,
202204471,헤이즈웰핏중형생리대,(주)보람씨앤에치,"Boram C&H., Ltd.",44907,5465,정상,"흡수지,면상펄프,열 용융형 접착제(고정용),순면부직포,열 용융형 접착제(구조용),부직포,통기성방수용합성수지필름",,신고,제조,
202300807,혜데일리슬림생리대대형,(주)어센틱브랜즈코리아,,44994,27,정상,"열용융접착제(고정용),폴리에틸렌필름,흡수지,고분자흡수시트,면상펄프,열용융접착제(구조용),부직포",,신고,제조,
202300932,혜데일리슬림생리대오버나이트,(주)어센틱브랜즈코리아,,45001,29,정상,"폴리우레탄섬유,열용융접착제(고정용),폴리에틸렌필름,흡수지,고분자흡수시트,면상펄프,열용융접착제(구조용),부직포",,신고,제조,
202300806,혜데일리슬림생리대중형,(주)어센틱브랜즈코리아,,44994,26,정상,"열용융접착제(고정용),폴리에틸렌필름,흡수지,고분자흡수시트,면상펄프,열용융접착제(구조용),부직포",,신고,제조,
202300944,혜순면커버생리대대형,(주)어센틱브랜즈코리아,,45001,32,정상,"열용융접착제(고정용),폴리에틸렌필름,흡수지,면상펄프,순면부직포,열용융접착제(구조용),부직포",,신고,제조,
202300933,혜순면커버생리대오버나이트,(주)어센틱브랜즈코리아,,45001,30,정상,"폴리우레탄섬유,열용융접착제(고정용),폴리에틸렌필름,흡수지,면상펄프,순면부직포,열용융접착제(구조용),부직포",,신고,제조,
202300941,혜순면커버생리대중형,(주)어센틱브랜즈코리아,,45001,31,정상,"열용융접착제(고정용),폴리에틸렌필름,흡수지,면상펄프,순면부직포,열용융접착제(구조용),부직포",,신고,제조,
201902456,"홈플러스시그니처나를위한건강한습관순면생리대(소형,중형,대형,오버나이트형,특대오버나이트형)",(주)지앤이헬스케어,,43577,45,정상,"면직물/폴리우레탄필름,면직물(무늬),면직물",,허가,제조,
201708064,후아내추럴순면커버생리대소형,유한킴벌리(주),Yuhan Kimberly,43063,5334,정상,"열용융형접착제C,순면부직포I,폴리에틸렌필름B-N,열용융형접착제G,부직포",의약외품,허가,제조,
201708066,후아내추럴순면커버생리대대형,유한킴벌리(주),Yuhan Kimberly,43063,5336,정상,"열용융형접착제C,순면부직포I,폴리에틸렌필름B-N,열용융형접착제G,부직포",의약외품,허가,제조,
202001887,후아내추럴순면커버생리대컴포트대형,유한킴벌리(주),Yuhan Kimberly,43908,5503,정상,"열용융형접착제C,흡수지,순면부직포I,면상펄프,폴리에틸렌필름B-N,열용융형접착제G,부직포",,허가,제조,
202001886,후아내추럴순면커버생리대컴포트중형,유한킴벌리(주),Yuhan Kimberly,43908,5502,정상,"열용융형접착제C,흡수지,순면부직포I,면상펄프,폴리에틸렌필름B-N,열용융형접착제G,부직포",,허가,제조,
201708065,후아내추럴순면커버생리대중형,유한킴벌리(주),Yuhan Kimberly,43063,5335,정상,"열용융형접착제C,순면부직포I,폴리에틸렌필름B-N,열용융형접착제G,부직포",의약외품,허가,제조,
201801709,힐링큐브생리대대형,(주)엠뷰글로벌,,43213,18,정상,"폴리프로필렌필름,접착제(TECHNOMELT DF 7063),폴리에틸렌필름,탈지면,고흡수시트,접착제(TECHNOMELT DMCOOL 2802),부직포",의약외품,신고,제조,
201801708,힐링큐브생리대중형,(주)엠뷰글로벌,,43213,17,정상,"폴리프로필렌필름,접착제(TECHNOMELT DF 7063),폴리에틸렌필름,탈지면,고흡수시트,접착제(TECHNOMELT DMCOOL 2802),부직포",의약외품,신고,제조,
,순수한면 ZERO 생리대 중,깨끗한나라,,,,정상,"면섬유,폴리에틸렌/폴리프로필렌 복합섬유,펄프,면상펄프,폴리에틸렌,탄산칼슘,산화티탄,스티렌블록공중합체,탄화수소수지,파라핀계탄화수소",의약외품,허가,제조,
,좋은느낌유린넨맥시슬림대형날개형,유한킴벌리,,,,정상,"순면부직포,부직포,복합섬유,탄화수소수지,파라핀계탄화수소,면상펄프,폴리에틸렌필름,산화티탄,방수층,열용융형접착제C,열용융형접착제G,폴리우레탄",의약외품,허가,제조,
,좋은느낌오리지널입는오버나이트 대형,유한킴벌리,,,,정상,"부직포,열용융형접착제C,열용융형접착제E,폴리에틸렌,탄화수소수지,면상펄프,산화티탄,폴리우레탄",의약외품,허가,제조,
,바디피트볼록맞춤소형,쏘피,,,,정상,"열용융형접착제C,부직포,면상펄프,흡수지,폴리에틸렌필름,산화티탄,복합섬유,폴리우레탄",의약외품,허가,제조,